0,1,2,3,4,5,6,7,8,9,10,11,12,13,14
-0.4186972256870515,-0.477383578038742,-0.5611383226746686,0.2166474306508146,-0.2046512024413927,-0.7663701014481427,-0.880271069664329,-0.3233461070228523,-0.7146134354778602,-0.3867103913240318,-0.3935347261962693,-0.4992100024946507,-0.3641550863025948,-0.2043787637506329,-0.5638799610943754
-0.4342457077822408,-0.517904175376412,-0.5940865493738672,0.1744638379557572,-0.2294839143746535,-0.7888090382749224,-0.9027174540242976,-0.3864900999860509,-0.7229371733262682,-0.4345286502884781,-0.4067147950199062,-0.5051140789296912,-0.4024967724694785,-0.2479483127241306,-0.5972215900780679
-0.4472980452658516,-0.5338451172931863,-0.6047606511270927,0.1560377939108159,-0.2461643508274986,-0.7956517256757529,-0.9167228260901988,-0.423516523591877,-0.7379793009369301,-0.4567818375604064,-0.4188379484641375,-0.5159809331664996,-0.4124743285638376,-0.2665234465147495,-0.6089036708839767
-0.4584006636294002,-0.5537050732020095,-0.6250054949785316,0.130296544838077,-0.2683328489894411,-0.800955901556321,-0.924416830540507,-0.4621764593056244,-0.7659739685471895,-0.4916055580109739,-0.4344956796669498,-0.5248912822351429,-0.4262858423437797,-0.2856758545284262,-0.6251082290987037
-0.4630771015038807,-0.5664563709088494,-0.6306180605055618,0.1155881552442164,-0.2827357909867533,-0.8072333444394996,-0.9309728253736222,-0.4766824092244103,-0.774629145024379,-0.5045221034430195,-0.4485148549979383,-0.533325140881763,-0.4347705606514997,-0.2992584595536551,-0.6300690994469467
-0.4632245064681835,-0.5863508904671242,-0.6406439314139053,0.0927742037779289,-0.3048833054884109,-0.8211421595019373,-0.925823543206225,-0.4950201475394873,-0.7867020825857638,-0.5203640048502528,-0.471259770492186,-0.5497705051644852,-0.4469700285249743,-0.3134547741167507,-0.6392584945593496
-0.4669110650513553,-0.5920838804320978,-0.6437221027505701,0.0861224845003238,-0.3113530294673285,-0.8239003963957762,-0.9274633990627816,-0.5027096776892075,-0.7915353819759702,-0.5285441387290233,-0.4775987261822115,-0.5523167772374011,-0.4508717018420204,-0.3198644873696491,-0.6406825951318921
-0.4716472563021108,-0.6024277056341251,-0.647446906326234,0.0745112775312324,-0.3232446120119931,-0.8290943134871689,-0.9278531164480258,-0.5108648356038852,-0.8002215432146731,-0.5418097909701709,-0.4899787713743751,-0.557457634184808,-0.4583532055992719,-0.3305439579483603,-0.6385992077635605
-0.4716104990614758,-0.6049810027362517,-0.6487643602930548,0.0714224965505424,-0.3261679440073323,-0.8305913159771816,-0.9275464467732328,-0.5124042184317419,-0.8027648761743477,-0.5436147528763049,-0.4928020839119192,-0.5585361619639115,-0.460566668677638,-0.3325054927944011,-0.6390948999270646
-0.4749915515257913,-0.6073983563058656,-0.6490409777783793,0.0689969188968512,-0.328961996798631,-0.8316257605154471,-0.9296384925484384,-0.5161387169801008,-0.8039504185990929,-0.5484290421439847,-0.4962474814161149,-0.5591471845514996,-0.4618372917789613,-0.3365865541126194,-0.6375074048964056
-0.4772302967387761,-0.6177250361154986,-0.6612883595321728,0.0467540743400933,-0.3489865885393289,-0.843897875025467,-0.9282139976008108,-0.5304602149339523,-0.8226687899045759,-0.5626576886217609,-0.5134745938767977,-0.5687407325277247,-0.4779736775816073,-0.350108254003757,-0.6462707470930341
-0.4740744753139961,-0.6150540695776083,-0.6664467172862636,0.0389315117696618,-0.3557004702347965,-0.8496887567530174,-0.9267490854055896,-0.5333057162392862,-0.8301876175467232,-0.5627975171352391,-0.5189001019352161,-0.5743245088604618,-0.4791437516909378,-0.353047379072648,-0.6512243689689791
-0.48147623266588,-0.6266401745357733,-0.666181634580105,0.035382012603928,-0.3600075296815443,-0.8513707690758159,-0.9300306184669822,-0.5426270172476471,-0.8307362967711626,-0.5759056927984431,-0.5244907814911313,-0.5738326124057445,-0.4869223742331314,-0.3613862439995262,-0.6473077172701369
-0.4749402191604012,-0.6181279748056249,-0.6705838382302047,0.0305454812951218,-0.3632563130197994,-0.8552607089061182,-0.9302258392434548,-0.5404368342894423,-0.8367111846168316,-0.5692818545464366,-0.5257335422004152,-0.5783522092573741,-0.4844921107333221,-0.3592887540676769,-0.653929449016969
-0.4757017069395873,-0.6219165754549288,-0.6730661835155436,0.024865217278701,-0.3689151709121488,-0.8590531129323056,-0.9326810645943466,-0.5451730957427686,-0.8414417116130256,-0.5737506606598376,-0.5315420474187589,-0.58076562175267,-0.4880462321747016,-0.3639778199206099,-0.6543559645612415
-0.4718995300802363,-0.623563269635083,-0.675542449214591,0.0239068270467791,-0.3740491493665492,-0.8621228618734833,-0.9337778756224532,-0.5477598708090847,-0.8475475682013656,-0.5751971054394336,-0.537039220033525,-0.5847084873388022,-0.4882919296479794,-0.3640159165984482,-0.6591032924151125
-0.4782318943569078,-0.6301943607360438,-0.6783823806967899,0.0176530579466072,-0.3748101089824727,-0.8648861448932555,-0.9358170229491948,-0.5559986682837528,-0.8463609031676874,-0.5833935254834957,-0.5368344839964255,-0.5833666702166899,-0.4976089321937794,-0.3703246230740159,-0.6593798683753092
-0.4838936828267767,-0.6408236434932839,-0.679889017206699,0.013538290544835,-0.3788704265777368,-0.8680679015937789,-0.9381965004240164,-0.5665003093835839,-0.8481225840763631,-0.5973016557560655,-0.5419255958572206,-0.5848344830367121,-0.5055124133597451,-0.3770448049757037,-0.6606936050236673
-0.4857252102953888,-0.6457419327217854,-0.681379630969062,0.0072821293206989,-0.3853702326334313,-0.8711282734397947,-0.9407300920795296,-0.570050729048055,-0.8524004126641301,-0.6024670763193346,-0.549117333340404,-0.5872082017559885,-0.5092796887690927,-0.3832892083172888,-0.6594015950970213
-0.4834926031040129,-0.6429997268832001,-0.6839696876182397,0.0024098867658746,-0.3896613039773113,-0.8737877754910139,-0.9417425600513312,-0.5683667900462759,-0.8569931232680725,-0.5987303119987839,-0.5524463460316685,-0.5898834605492657,-0.5096942259688401,-0.384775715831953,-0.6605639202876715
-0.4888189511860943,-0.6483254976262899,-0.6823158596904443,0.0042306918683069,-0.3887307269636638,-0.8730540946685705,-0.9439582813832474,-0.5770910249823099,-0.8538856844778921,-0.6106380839097529,-0.5531065754664954,-0.5890692443209151,-0.5109923718170962,-0.3888837826701323,-0.6602717108819427
-0.4854050609172048,-0.6489230836574834,-0.6893690832267059,-0.002351550389735,-0.3928357758056237,-0.8794744802457084,-0.943772293708197,-0.5797441118495918,-0.8608668847660035,-0.6100344707278306,-0.5547289447492645,-0.5934952425115795,-0.5184018089540168,-0.3889748596724458,-0.6711922688441294
-0.4858184909730065,-0.6497809457923169,-0.6926959446640936,-0.0089076416529035,-0.3988010501909307,-0.8831276675350921,-0.9438554124072044,-0.5821361300171916,-0.8662438120802742,-0.6118316188855443,-0.5604574218916359,-0.5975136732619115,-0.5212360824717109,-0.3935693867859512,-0.6734076352756633
-0.4885768511186584,-0.6539227131010744,-0.6933242315532588,-0.0097751440606489,-0.3997821849321862,-0.8845536288751104,-0.945524921162454,-0.5883864409197244,-0.866126991411174,-0.6201914008208017,-0.5616335933657233,-0.5988477193015511,-0.5242848410309541,-0.3969074318400883,-0.675113788324737
-0.4857706628307171,-0.6487376782622263,-0.6963144142869855,-0.0145812245580586,-0.403587232809372,-0.8867530971685337,-0.9437857052833444,-0.5848328624538283,-0.871094551835157,-0.6135027102977777,-0.563252566607036,-0.6016132722633001,-0.523972199235831,-0.3972401346959532,-0.6762326082649126
-0.4899483255008541,-0.6555628353506776,-0.696170279803794,-0.0145208070277788,-0.4039498309922399,-0.887632472351614,-0.94612345994411,-0.5920956058121617,-0.8699286190577686,-0.6238042111165637,-0.5640889768948802,-0.6014802293485497,-0.5281655132389023,-0.4007835190397893,-0.6773193045547286
-0.4932819581344317,-0.6576667696541094,-0.6953702802143891,-0.0153467369637848,-0.4054868671762894,-0.8878348516094728,-0.9506620776203476,-0.5975980690245154,-0.8709808007383236,-0.6302849923997219,-0.5669868009995163,-0.6007599409664596,-0.5277343681710641,-0.4055507279775395,-0.6764575807919304
-0.4961949902002699,-0.6582849721727515,-0.6950933248376348,-0.0141469549289065,-0.4049253420467529,-0.8851021522766954,-0.9532530628799856,-0.598144473957445,-0.8721083219134449,-0.6315773843360353,-0.5684571032658547,-0.5970146297172911,-0.5255899471486373,-0.4074892815426533,-0.6725879338234122
-0.4949739556080327,-0.6608400895598925,-0.6968048328014419,-0.019454411165395,-0.4095116033191701,-0.8899189663969252,-0.9521565405207284,-0.6012053343501889,-0.8744979776349048,-0.6342028448504546,-0.5703635931674301,-0.6023334309058612,-0.5304195531422627,-0.4099419762889189,-0.6764102961547884
-0.4937009948690429,-0.6664514165998983,-0.7005451403840064,-0.0279012944979494,-0.4167712628501224,-0.8945628457636315,-0.94773926752501,-0.6005960875778119,-0.8796595733684395,-0.634005402496032,-0.5750902820793555,-0.6077622935549482,-0.5371955117645102,-0.4132846020036861,-0.6780556940605738
-0.4947006515847928,-0.6664761546420778,-0.6996231508903668,-0.0268041078259577,-0.4163091154000888,-0.8944943186764629,-0.9500537372153872,-0.6036757492230481,-0.8783378037348557,-0.6383519140243095,-0.5757568692003645,-0.6074998515782808,-0.5358752523876069,-0.4149222905154573,-0.6774846853525024
-0.4954952783825773,-0.6684474757139209,-0.7005552340871304,-0.0281825265244362,-0.4174806610684817,-0.8955739140816229,-0.9521750186825808,-0.6069216901014667,-0.8805108514909212,-0.64097718481215,-0.577199067225983,-0.6075416789717442,-0.537032558586483,-0.4171867334020607,-0.6793011564472209
-0.4967855319325302,-0.6684683667078379,-0.7011090756273204,-0.0274871482338801,-0.4166033577420183,-0.8951832659295575,-0.9539811477290387,-0.6088546463422426,-0.8812545460440602,-0.6419854991914111,-0.5762297202005618,-0.6065983311043988,-0.5367346414002147,-0.4174206427971142,-0.6807036331638358
-0.4960775612323679,-0.6718255281074638,-0.70191350257448,-0.0321338020774379,-0.4212140753843291,-0.8978401272488566,-0.9525954829247988,-0.6095425584241391,-0.883356600575544,-0.6441066996535005,-0.5809494394844388,-0.6094929996029272,-0.5396779582776354,-0.4207455113485704,-0.6797682852660654
-0.4992762211231557,-0.6717147319931717,-0.7069958028240125,-0.0294744601491124,-0.4170982803059762,-0.8972370053901303,-0.95534502594811,-0.6155254961013925,-0.8859051788668832,-0.6488895694394377,-0.5757521764593088,-0.6065574753364447,-0.5395229434055558,-0.4208780578831231,-0.6884889175467934
-0.4982506079835443,-0.6755375928277808,-0.7080812536108373,-0.0338018699380249,-0.4207835380192554,-0.9012972849513232,-0.9560431825473708,-0.6187576488704236,-0.8879332672651378,-0.6505795270452711,-0.5779097472428266,-0.6110396257377612,-0.5437806504476013,-0.4225856866429008,-0.6919817080660176
-0.4969228660969363,-0.6797959828084271,-0.7085196239289331,-0.040439879263817,-0.4272605082180251,-0.9052782329607508,-0.9519794188012516,-0.617876453971694,-0.889703190339952,-0.6542911441043849,-0.5834303400954255,-0.616379907153221,-0.5462308155772401,-0.4261081500408888,-0.6901275087103226
-0.4977943503581133,-0.6817921421043047,-0.7097795696848068,-0.0423618330054914,-0.4287954331355269,-0.906752694855981,-0.952637394991948,-0.6202259628634914,-0.8914396447876817,-0.6570398798153506,-0.5846130397614305,-0.6173363149225193,-0.5476384171325639,-0.4278497543900422,-0.6920999471054496
-0.498593520857593,-0.6828392844564156,-0.7106178302976163,-0.0428907471321874,-0.4290474978196826,-0.9075454207477348,-0.9538074808564452,-0.6223106788887318,-0.8925764602563057,-0.6587297871675492,-0.5846699126801738,-0.6173693170006926,-0.5485657164042397,-0.4287523308670236,-0.6941552428897213
-0.4983402331817628,-0.6834011821867045,-0.7111098893179315,-0.0439691903691581,-0.4299303783650502,-0.9081458303567066,-0.9528637346191016,-0.6222072860589946,-0.892830010279401,-0.6594151368539098,-0.5849703126021383,-0.6182796095125005,-0.5489397906624266,-0.4289926607848032,-0.6943344431762946
-0.5007110891779586,-0.6830223186634158,-0.7110066533019045,-0.0423481579819817,-0.4287656594718777,-0.9065089100952128,-0.9570216528872888,-0.6247415873254651,-0.8938671929508317,-0.6593491483089159,-0.5855643576357582,-0.6155779929719498,-0.5486144413244477,-0.4301432877077702,-0.693573034124215
-0.5001305962102659,-0.6836216173611728,-0.710800084463103,-0.0433100293536544,-0.4294799586702759,-0.9075807520757732,-0.955807437216738,-0.6244060311395991,-0.8938839644398884,-0.6598900919497599,-0.5853477238937901,-0.6167408140129662,-0.5489828431762048,-0.4302156410969241,-0.6942940243515243
-0.5011262625231084,-0.685232709195356,-0.7110828960516413,-0.0451535587264474,-0.4315648194038984,-0.9080311689495112,-0.9565036877306904,-0.6253724843103686,-0.8952594293830073,-0.6614596913036952,-0.588658715790417,-0.617081719944155,-0.5493994524903709,-0.4324330252067449,-0.6927459732631498
-0.500495922049903,-0.687618858958883,-0.7113433472959855,-0.0495171763622674,-0.4359295583526794,-0.9098225319067522,-0.9533229381203118,-0.6240018991158618,-0.8963008515518341,-0.6634259002332455,-0.5927545987227685,-0.6201024544248446,-0.5499834574345904,-0.4347013637038713,-0.6903882230685596
-0.5007587139740226,-0.6896774381470137,-0.7125566215054463,-0.0532526384956128,-0.4391202614416521,-0.9109240285038686,-0.9512672113914292,-0.622390798995192,-0.8985982545414883,-0.6624647651952122,-0.5953756047861238,-0.6211262504245455,-0.5504583405425595,-0.4357399231314277,-0.6895739864871293
-0.500935871002054,-0.69072830628748,-0.712895861423309,-0.0555843759366472,-0.4412930402884701,-0.9112829555460384,-0.950882803347804,-0.6215070473653064,-0.8993514793272551,-0.6619171264133106,-0.5976592341949454,-0.6214104716729555,-0.5494528486831971,-0.4369762801026852,-0.6884258232255519
-0.5012330517461574,-0.6922130240945922,-0.7141973455773629,-0.0567451506486228,-0.4419820645181342,-0.9126650499174888,-0.951229484223527,-0.6236700255496903,-0.9002811613592859,-0.6643330257280099,-0.5976416451735106,-0.6221456325127185,-0.5509292233652794,-0.4378001810742576,-0.6909633061490336
-0.4987499686609825,-0.6871103307856219,-0.7150701991775874,-0.0592854699084563,-0.4446854225361362,-0.9132040997361942,-0.9487082626394348,-0.6208191006065499,-0.9009434996056224,-0.6599266017280814,-0.5989917681133932,-0.6241397271796351,-0.5454733154755695,-0.4376144799087937,-0.6911149186565498
-0.5009093595363928,-0.6910416307815171,-0.7148601372957785,-0.0603579574456337,-0.4453582745903751,-0.9134284193995936,-0.9500950889361915,-0.6224748993758109,-0.9012760618360754,-0.6624804584305899,-0.6009937642223437,-0.6241387124534982,-0.5484903581725182,-0.4395342616204556,-0.6902570526177988
-0.5015183959632521,-0.6933449849399012,-0.7163989973791118,-0.0613225397578931,-0.4457698725516689,-0.915013577774832,-0.9506625046534418,-0.6257343051049984,-0.9022162278837522,-0.6657421801625263,-0.6003795940034238,-0.6248201899901954,-0.5507188882233808,-0.4402612439208712,-0.6938994137779204
-0.5041486590754064,-0.6968678229975138,-0.7157193499549583,-0.0598286110743781,-0.4452199141534748,-0.9157753617382852,-0.9544467936874262,-0.6319392653813176,-0.9033114742759694,-0.6745959165876477,-0.6014101557148963,-0.6247351930868084,-0.5549800980534345,-0.4434667732941121,-0.6951909012084163
-0.5043266034145705,-0.6969668425675375,-0.7159384271014931,-0.0596282044654109,-0.444941669247408,-0.9159428767181172,-0.9550075584199944,-0.6326590137397935,-0.903730289041351,-0.6749492986231675,-0.600922884202453,-0.6246081528868804,-0.5552311019829663,-0.4434980701182839,-0.6960858756813092
-0.5070590296143294,-0.6969635709260239,-0.7149901373735151,-0.0593270164721918,-0.4455397598339477,-0.9144837926185272,-0.958511061687646,-0.6340262452382273,-0.9052220620618898,-0.6746950101251157,-0.6037066924049989,-0.6225745873446595,-0.5544196127646152,-0.4459668202258034,-0.6926836624909101
-0.506105807233766,-0.6992541956004817,-0.7160270378404309,-0.0621372409472623,-0.4477207549161564,-0.9167640720365752,-0.956551025364117,-0.6346693118907712,-0.9057063056536436,-0.6772904803372334,-0.6048552139056669,-0.6249838603205983,-0.5559168707956497,-0.446775062813811,-0.6956976235042769
-0.5064253440358313,-0.7013034842594567,-0.718276948539849,-0.0637093222728912,-0.4483969604808709,-0.9188102396123432,-0.9568266065903398,-0.6378760435295786,-0.9071677483156896,-0.6806242115205275,-0.6041935752719876,-0.6261634285557974,-0.557981196781159,-0.4475029508401803,-0.7005951613037398
-0.5081363681265165,-0.7007353729752988,-0.7188610643275235,-0.0623829199386823,-0.4472530903224306,-0.9178138621994002,-0.9594861350129836,-0.6395692105787252,-0.9083443623749952,-0.6808285900901858,-0.6038802627875198,-0.6243773345527917,-0.5579801271676591,-0.4480946527152903,-0.700409974208286
-0.50749248331787,-0.701982101296222,-0.7183930883090571,-0.0642405870772644,-0.4489849221488363,-0.9188542454699008,-0.9580993811559348,-0.6391177821386405,-0.9083786770938096,-0.681566068546256,-0.6053578674468545,-0.6258420057455777,-0.5583160510118151,-0.4488028526894745,-0.7006064454580435
-0.5099018701818896,-0.7007961003513552,-0.7197711539981403,-0.0623497672648564,-0.4474480849030609,-0.9171972453794368,-0.9595699028694908,-0.6404691181708272,-0.909189631601404,-0.6815857403936454,-0.6046366047045935,-0.6232231373892061,-0.5579780371344195,-0.4492592343374014,-0.6999095903491489
-0.5102643495489148,-0.7019909828445752,-0.7196096933771237,-0.0639969082650454,-0.4492277508907768,-0.9177135011113362,-0.9597715263982848,-0.6409515735222795,-0.9100342482733405,-0.6825373136383692,-0.6069027632375034,-0.623902581082856,-0.5582555267610373,-0.4507331782866718,-0.6991861754180215
-0.5096275554784206,-0.7046291161565026,-0.7196657955709413,-0.067274399234463,-0.4521531426994321,-0.9198863447358268,-0.959829034592404,-0.6419620500887124,-0.9108323143029772,-0.6847732806083806,-0.609365132334956,-0.6264586568796616,-0.5594372497512277,-0.452467965195991,-0.700673522913091
-0.5097892417298943,-0.7053232632004905,-0.7198417358292276,-0.0681040680460414,-0.4529303370635474,-0.9202480279405718,-0.9598893677969484,-0.6424735517140634,-0.9112353702413905,-0.6855097526802674,-0.610367813505983,-0.6268273419008918,-0.5597816696893155,-0.453208323278788,-0.7009069737584568
-0.5109566822251133,-0.706188973651072,-0.7195726648660089,-0.0692509891339844,-0.4545792872406127,-0.919765596518522,-0.960237578231414,-0.642636221073602,-0.9121836460754832,-0.6860766281957019,-0.6135776836451353,-0.6265013023181913,-0.5595368788370224,-0.4552568105120095,-0.6985072061356394
-0.512467697769176,-0.7066879305732245,-0.7201562198789295,-0.0699107910723988,-0.4554998233210617,-0.919396002378609,-0.96040968861128,-0.6435058823567372,-0.913482208981424,-0.6871045610688907,-0.6151958207953914,-0.6258764297853057,-0.5596247663955632,-0.4567691244863187,-0.6977765573073078
-0.5117311457590128,-0.709712126175903,-0.7202848787261411,-0.0737482056655015,-0.4589155657261138,-0.9218221156216436,-0.960545593496349,-0.645023492046822,-0.9136417994015796,-0.6897621979732521,-0.618230743297307,-0.6287032417446661,-0.5610152402787658,-0.4589121589602098,-0.6994793997148763
-0.5100012997128687,-0.7117063881411954,-0.7217601374189087,-0.0759242718970636,-0.4600824475227915,-0.9244482337975996,-0.957873312792032,-0.6465902670871866,-0.9129720115114986,-0.6921981332642504,-0.6171418185206958,-0.6312881707642898,-0.5627189878299641,-0.4584563587060433,-0.7039022713605212
-0.5099883191093031,-0.7126206450567071,-0.7228464107200266,-0.0779961095279403,-0.4616834572813966,-0.9255623910808296,-0.9569706128840944,-0.6469306576398763,-0.9122432619243842,-0.6927179980518587,-0.6176969151335656,-0.6328058884520612,-0.5633231604232185,-0.458491918315642,-0.7047664362132886
-0.5104174485019506,-0.7133730917599798,-0.7229416642934521,-0.0794445386950566,-0.4631732301189871,-0.925942733539156,-0.95719829554514,-0.647227807191938,-0.9126505326772036,-0.6932558678278822,-0.6190874770849263,-0.63313661255624,-0.5636015763665226,-0.4596465013240792,-0.7043214868741746
-0.510540417914234,-0.7133330186162554,-0.7225660940241491,-0.0787250829174064,-0.4626168134795708,-0.9255920640650804,-0.9577125129079788,-0.6475719888192926,-0.9131847143102784,-0.6938677844682088,-0.6192949041614814,-0.6327014399101225,-0.5634656627358335,-0.4598576329908127,-0.7041827231226993
-0.5109442425919821,-0.7138587891003529,-0.7224965889706619,-0.0803708522420079,-0.4643439069305317,-0.9258186864082744,-0.957363147562105,-0.6472269243010942,-0.91308697267447,-0.6939686969136762,-0.6206699973467915,-0.6333178783228784,-0.5634313209995154,-0.4608978676194403,-0.7029243153069713
-0.5108550050643831,-0.7144435762228198,-0.7234279290604498,-0.0810116164644831,-0.4645606937194,-0.9266534357222448,-0.9577758252818874,-0.6480557744909106,-0.9132905347251976,-0.6942015788255345,-0.6202785166297172,-0.6335925734278389,-0.5641016698052893,-0.4608332126181652,-0.7047300141069996
-0.5089272287526788,-0.7122286731296408,-0.7250688355382697,-0.0838337475252027,-0.4655365415414391,-0.927980714147291,-0.9590570851814736,-0.6481366406306741,-0.9139024446172248,-0.6896900687102645,-0.6214623139468742,-0.6342801890198796,-0.561148508879276,-0.4594322834397683,-0.7078120790040792
-0.5100223786818396,-0.7153287064607634,-0.7255543756673105,-0.0838965723905313,-0.4660243037409375,-0.9285203975936448,-0.9593604708412892,-0.6497567007796741,-0.9144318504734518,-0.692738888930329,-0.6218219842815518,-0.6341366449259321,-0.5632246480545281,-0.4606146306347902,-0.7088253863317152
-0.5103904812988309,-0.7166545759375229,-0.7265385032148267,-0.0839181594306026,-0.4659964275853889,-0.9294404599522986,-0.9599102138297994,-0.6515754216194523,-0.9148926560153936,-0.6949149672294989,-0.6218399445189619,-0.6342467666260315,-0.5647512835893354,-0.4609532347160666,-0.7107171355845698
-0.5123708149036826,-0.7165684153690871,-0.7250166958401739,-0.0803791867869314,-0.4635768091699564,-0.9278836001564472,-0.9616191960546402,-0.6536314924681107,-0.9170792365470424,-0.6990652639164072,-0.6202840454248452,-0.6331010748508578,-0.5661982562456203,-0.4626753512312242,-0.7100694180402531
-0.5131575831236537,-0.7172158246903362,-0.726183532539056,-0.0806197160456175,-0.4636186979310467,-0.9283217761024996,-0.9626801916763772,-0.6552685767297924,-0.9182230533907004,-0.7003536221389073,-0.6205832254426291,-0.6329741850897396,-0.5669323834459774,-0.4632489637752203,-0.7116445737744961
-0.511151078021708,-0.7178797037989704,-0.7275659984581673,-0.0823501711991012,-0.4644619768699682,-0.9303667578896424,-0.9614435682489876,-0.6558386412140118,-0.9167052569442472,-0.7015988221296784,-0.620834247536967,-0.6354038569200704,-0.568053409730205,-0.4619050574333198,-0.7149596370128738
-0.5111200735636686,-0.7183353407217518,-0.7283913139837355,-0.0841663382413212,-0.4659975293803151,-0.9312633038620722,-0.9612298824885,-0.6560632977851831,-0.9161217928889552,-0.7002708379557003,-0.62218572649681,-0.636139024871669,-0.5683108987648107,-0.4619451938302904,-0.7154520256728871
-0.5107538211057785,-0.7180195552095843,-0.727897395553202,-0.0870935149712942,-0.4682179725425549,-0.931303216462443,-0.9615571081401498,-0.6546446407610134,-0.9163857876091144,-0.6971306492362509,-0.625039941459389,-0.6359861355660381,-0.5655694307985761,-0.4626696605816859,-0.7129892070681408
-0.5099435110710264,-0.7170564146805791,-0.7276093821016831,-0.0879404217987594,-0.4685598330749861,-0.931293175497402,-0.9616573032733996,-0.6540420769220214,-0.916563502700621,-0.6962673290419643,-0.6258695514650662,-0.6363736935095838,-0.5647582173461371,-0.4628917717943153,-0.7124822131411733
-0.5084127496575037,-0.7155537091517206,-0.7273829105593366,-0.0889230236228474,-0.4683824584111757,-0.9314921524726856,-0.9616703678597236,-0.6532609520387744,-0.9168579686234418,-0.6954702802772378,-0.626926433432861,-0.6366252448571359,-0.5634296229738086,-0.4630792728065659,-0.7121368283301408
-0.5072321645908983,-0.7144725116090431,-0.7276870437725291,-0.0890908541042284,-0.4682317906350535,-0.9322086223633278,-0.9618517691904592,-0.6535916430579662,-0.9172124869994732,-0.6958841628961183,-0.6281070272007343,-0.6371352727670843,-0.5626573885935758,-0.463164414275473,-0.7126990206570685
-0.50748567303976,-0.7154109192588745,-0.7285753770315406,-0.0896216515193064,-0.4685087178387134,-0.9329453843810956,-0.9625120142856718,-0.6549653671487122,-0.9176806792643812,-0.697126144124346,-0.6284395939657709,-0.6375135411239409,-0.5637710825102438,-0.463438695533939,-0.7143593238563037
-0.5111050726388208,-0.7210080108173769,-0.7289106336951063,-0.0897499165507202,-0.4704257470296756,-0.9331015534469924,-0.9629150114124267,-0.657626754127003,-0.9181063921286484,-0.7008761893075388,-0.6279787039756783,-0.6371031492254547,-0.5675190358697693,-0.4651298741634246,-0.7152127075032075
-0.5120668900952016,-0.7218518662168972,-0.7290157848546432,-0.0893674142005029,-0.4706803176616099,-0.9332310530983088,-0.9628624760978302,-0.6586739481101712,-0.9183777891057078,-0.7030696023981067,-0.6281148339494942,-0.6374291370340829,-0.5688281192570726,-0.466023952639235,-0.7156807866526689
-0.5125319576445391,-0.7222228106022509,-0.7299516940049473,-0.0879261992240631,-0.4695506657688087,-0.933401163367244,-0.9633683343614348,-0.6607499437772801,-0.9193220445964008,-0.7063849180485355,-0.6268222754810762,-0.6379355906661324,-0.5706907694242542,-0.4659383034580998,-0.7181972830078125
-0.5126688673662269,-0.7223635923920729,-0.7298690312523395,-0.0874067585157907,-0.4690942084384078,-0.9333253647668942,-0.9639811194801796,-0.6609671110877314,-0.9198942087396554,-0.7073150768288954,-0.6265125829037688,-0.6375536499423451,-0.5708191863401154,-0.4661509219464852,-0.7186172772588402
-0.5138257233384833,-0.7225791742081892,-0.7295507155796151,-0.08660223774972,-0.4684027658177491,-0.9329772493879288,-0.965259010927943,-0.6618749484122578,-0.921218447314238,-0.7077997793270075,-0.6264700599012126,-0.636581584844466,-0.5709670092269093,-0.4669894148368591,-0.718887307148562
-0.5134981033968746,-0.7233021664976249,-0.7298158324053083,-0.0877411224409596,-0.4695403556586096,-0.9334767615927012,-0.9651509209300984,-0.6621327444399573,-0.9213278901004088,-0.7085702319515281,-0.62754511926716,-0.6372387909011856,-0.5712595703516045,-0.467714870025228,-0.7189631029615757
-0.5139583433911937,-0.7235184900776709,-0.7300864383841202,-0.0874217266745411,-0.4690830892885162,-0.9335311596520122,-0.9657313483566292,-0.6629384889698142,-0.9220254490069952,-0.7090331380525523,-0.6273579955474655,-0.6369530695934714,-0.5716629301279478,-0.4678505431944713,-0.7199632282744538
-0.5135231092108627,-0.7243161453432931,-0.7303277326860214,-0.0891766738426904,-0.4708700256464647,-0.9341657770386468,-0.9654293359316494,-0.6629827806465902,-0.9217468039793928,-0.7097146391502892,-0.6289352922255491,-0.6379575450256604,-0.5718426098213666,-0.4685629480952292,-0.7194903341417105
-0.514051695786005,-0.7247102109508586,-0.7296104967428105,-0.0898994114652913,-0.4718368206382012,-0.9337747666843568,-0.965555670911,-0.66266724959017,-0.92218064397176,-0.7098005166557304,-0.6301509152606057,-0.6377256416193616,-0.5714977661656393,-0.4697628919697389,-0.7177332774976015
-0.5139802471473527,-0.7250129406172249,-0.7302319213660821,-0.0900804553247216,-0.4717560625834805,-0.9343085236081607,-0.9658633048664612,-0.6634888091864246,-0.9224003689893602,-0.710465496483957,-0.6301071042422383,-0.6380052924348971,-0.5720212667116076,-0.4696297319872503,-0.719145973853671
-0.5142966773871926,-0.7256340890283519,-0.7304850625105708,-0.0914031221992589,-0.4730469353875056,-0.93478022960748,-0.965823344180737,-0.6639703996248907,-0.9224113493696852,-0.7111309165599822,-0.6314426655371517,-0.6386876335984147,-0.5722664054676818,-0.470275167608552,-0.7189983139395808
-0.5145017355696802,-0.726569592798149,-0.73031841311035,-0.092864139145115,-0.4745214160829553,-0.9351592770590734,-0.9659410094241389,-0.6646967288287492,-0.9228087756125672,-0.7118268118723752,-0.6331600652715543,-0.6392785156954621,-0.5726577134977863,-0.471409534834364,-0.7187938134843891
-0.5128661644482391,-0.7270553196512616,-0.7317135163681432,-0.0949289227675539,-0.4750903450947896,-0.9369078079418258,-0.9659330844774884,-0.6655769171332914,-0.9220205757824594,-0.710931997659378,-0.6340823161609918,-0.6404598529858793,-0.5729826488869794,-0.4707416294543632,-0.7207826271253095
-0.5142483623886401,-0.7274355376057146,-0.7316115772563194,-0.0939536941266531,-0.4750138239371978,-0.9364331733543242,-0.9664084649162448,-0.666545898121728,-0.923158655142186,-0.7132558905121097,-0.6337724409726139,-0.6401182585733929,-0.5736865290729511,-0.4714947428359951,-0.7212390465469207
-0.5145209543465048,-0.7276275380571098,-0.7327171068310652,-0.0926850490067783,-0.473652017063511,-0.9368599362417106,-0.9676378907337784,-0.6678094311054414,-0.9242285971885716,-0.7144997450215709,-0.6325064579108596,-0.6396427887129732,-0.5744071060225531,-0.4711722487764237,-0.7240224577140093
-0.5149227160230312,-0.728029874821429,-0.7329976830846061,-0.0928040944741073,-0.4736494946340749,-0.9370825058757776,-0.9681750474583276,-0.6685875092623437,-0.9249148380796812,-0.7152775256371003,-0.6327617146470325,-0.6395737906915311,-0.574824784081118,-0.4715766542253942,-0.7248947455207959
-0.5160971992892343,-0.7281363818652322,-0.7329123312505804,-0.0920131203423982,-0.4734639081830381,-0.935610398708618,-0.9686840700080512,-0.6685172509312441,-0.9264298650178034,-0.7151385027458907,-0.6330480283961146,-0.638137264735217,-0.574368209705735,-0.4726615938907244,-0.7229048243655684
-0.5155248955593292,-0.7288819643950024,-0.733152445316163,-0.093276808002727,-0.4743950235034037,-0.9368722446469576,-0.9688608290529614,-0.6692683518096361,-0.9261476255687996,-0.7162432614529884,-0.6339278426960192,-0.6392936558872614,-0.575088695793931,-0.4729605984172406,-0.7245493997569719
-0.5150232153213314,-0.7296989317237721,-0.7338770140206506,-0.0948657958410325,-0.4756017357886352,-0.9382232467003696,-0.9687108783806092,-0.6703832767253968,-0.9257315373142044,-0.717193883740612,-0.634892751356519,-0.6406422771762091,-0.5757360448829527,-0.4730356280145066,-0.7259824076410952
-0.5146073675783069,-0.7299484619168615,-0.733739089533696,-0.095555792297837,-0.4762152568096818,-0.9383536786927978,-0.9684394456699856,-0.6704105766377195,-0.925535899021986,-0.7173047545645462,-0.6354675922936479,-0.6410562945362159,-0.5757886288267731,-0.4732035607697585,-0.7257112249107197
-0.5152517039434794,-0.7299723286991217,-0.734198740226338,-0.0947006792108239,-0.4753389787078033,-0.9384225627820636,-0.9692204517327504,-0.6711525973191643,-0.9264224774442475,-0.7179092934969152,-0.6348397620795945,-0.640497951039044,-0.5761977076745645,-0.4732293800946473,-0.7271113927074575
-0.5161218063012358,-0.7297186654975472,-0.7344680895545539,-0.0936389142874219,-0.4745051268269841,-0.9375432485201112,-0.9698592530818158,-0.6711743359809318,-0.9274618016131267,-0.7178422620864776,-0.6342894697630583,-0.6393914600594355,-0.5761234089511799,-0.4734299016734742,-0.7267271577411718
-0.5160884009255756,-0.7301058371277066,-0.7348214877193306,-0.0940707099380297,-0.4747474991611116,-0.9380783764219534,-0.9700519464887832,-0.6718112099839899,-0.9276174571250084,-0.7184977572500167,-0.6345757033709465,-0.6397618982015632,-0.5765405591988253,-0.4735679473312439,-0.7277190067677024
-0.5149819832975692,-0.7312700545169734,-0.7349989593281944,-0.0964657022389534,-0.4768734868002516,-0.9395179377033974,-0.9695978272916198,-0.6727675140420576,-0.9269201529188174,-0.7195259735876165,-0.6364788184767789,-0.6415454618074626,-0.5771943762903025,-0.4742105172704647,-0.7283709285735124
-0.5139145489758007,-0.7318611109166682,-0.7358203421206955,-0.0979123953248937,-0.4773668475948842,-0.9405447781965798,-0.969250171720714,-0.6734399561766484,-0.9265720382106764,-0.7199955553618569,-0.6371990081227654,-0.6426478819210422,-0.5785956272138313,-0.4740311200002785,-0.7298310292774239
-0.513697201931959,-0.7324770948070978,-0.7351710473773351,-0.0991772167426243,-0.4784675542716014,-0.940525095364921,-0.9690980680916972,-0.673205521779936,-0.9266770952709888,-0.7197596743053402,-0.6388394555047858,-0.6430498665377505,-0.5788149051886842,-0.4750985502689094,-0.7285161335949514
-0.5151253933426021,-0.7326489815299543,-0.7353309514773478,-0.0979425898134308,-0.4781829816867151,-0.9401866040066644,-0.9703597238845398,-0.6742331095010047,-0.9284294239313156,-0.7216452469883483,-0.6383412806829847,-0.6420783417090795,-0.5783423249283812,-0.4758922844999748,-0.7295433168886539
-0.516347992050954,-0.7327136883090126,-0.7354917131242206,-0.097314680754621,-0.4777723700347508,-0.9392817918049016,-0.9710863380392672,-0.6745069596209383,-0.929645117675758,-0.7219336846866135,-0.6385327508227983,-0.6410113021773818,-0.5777977212466603,-0.4763126146960695,-0.7287975759731483
-0.5152800531510052,-0.7338940838137245,-0.7348923586462924,-0.0998152830048373,-0.4797136316116528,-0.940473712877061,-0.970318870516436,-0.6745433902689374,-0.9288539567941504,-0.7225949192981524,-0.6407267318038833,-0.6427008443731347,-0.578734846202926,-0.4773446346225746,-0.7285766062023546
-0.5166859112488195,-0.733681001539387,-0.7360243347251816,-0.0982935738420973,-0.4785966672746206,-0.9398591095302736,-0.971651610284557,-0.6756424480605077,-0.9303384386400964,-0.7232077499512106,-0.6396675813524739,-0.6413719309553729,-0.5783865013266708,-0.477129812832935,-0.729596553700995
-0.5159709530478034,-0.7342344380503806,-0.7353347529342259,-0.0996020936932448,-0.4798093194160106,-0.9403488908810982,-0.9710815902902296,-0.6754173089145777,-0.9298183354998808,-0.7235727016272897,-0.640959471420402,-0.6422183944102607,-0.5786497486591549,-0.4778757504125714,-0.7290252826479061
-0.5181533188598259,-0.7335689041520961,-0.7360373662233173,-0.0978402180381828,-0.4784809345602117,-0.9388229096917688,-0.9711824805289192,-0.6757361942149809,-0.9313873677674588,-0.7231985414242021,-0.6399620786085763,-0.6402776894378273,-0.5779532674982889,-0.4779799836823458,-0.7280303072629264
-0.5162055311027889,-0.734601573486355,-0.7352935726832194,-0.100146522612299,-0.4803747837869432,-0.9403676881726672,-0.9711581950676512,-0.6756631879305758,-0.9302732109563048,-0.7241658259917478,-0.6418128681287535,-0.642257327120493,-0.5787443543434081,-0.478660523306251,-0.728741078510591
-0.5153208451582937,-0.7354712588866266,-0.7354245211091041,-0.1019248626848968,-0.4812643863606819,-0.9414683907830668,-0.9706535781812604,-0.6760888164357258,-0.9297321026222912,-0.724390734747386,-0.6430238808701575,-0.6436459268079597,-0.5801095615379567,-0.4789947453639055,-0.7294510149312813
-0.5141977699598221,-0.7359439792190059,-0.7356650345537927,-0.1033930157763645,-0.4812182109263615,-0.942302937519705,-0.9699886434819756,-0.6763556256318741,-0.9290462582720288,-0.7235809914577295,-0.6440265728209511,-0.6446459936009648,-0.5809653058067086,-0.4787822811939283,-0.729189742506297
-0.5148499170800129,-0.7360108195361585,-0.7361244003157716,-0.1027306717250641,-0.4812852948179117,-0.942302233151986,-0.9707280065912762,-0.6769671161775188,-0.9296564275929164,-0.7249178266040766,-0.6433835958127471,-0.6443265001318031,-0.5811430270786831,-0.4787175514200486,-0.7306864113845639
-0.5149457148179062,-0.7362795373683512,-0.7362705416024348,-0.1031408826862818,-0.4815190152245067,-0.9425615100938118,-0.9708273241514312,-0.6773204716248851,-0.9297698979501204,-0.7252547680943063,-0.6438202362731505,-0.6445164360960627,-0.5813916761007443,-0.4789502677954246,-0.7307240513129936
-0.5158993886463783,-0.7361547603704067,-0.7351552407102798,-0.1030060946393807,-0.4822988533719446,-0.9417186558038496,-0.9707658825093488,-0.6764087242741221,-0.9306449292668966,-0.7254261291873804,-0.6446342561180505,-0.6437029544834474,-0.5803895220966314,-0.4806346353541911,-0.7288017776496762
-0.51696772228095,-0.7358829281057095,-0.7364034496661102,-0.101363716577734,-0.481434035369564,-0.9412869696026546,-0.9721322144765652,-0.6776885468074132,-0.9317894104612744,-0.7263270770222584,-0.643331120593745,-0.6426029401464373,-0.5800524276463548,-0.4799170789590349,-0.7305035107241961
-0.5169436769321838,-0.7360114444476104,-0.7366138243366109,-0.1014123121943388,-0.4814269820765035,-0.9414272197008706,-0.9722710234545684,-0.67797344909963,-0.9318877205319296,-0.7265340710092527,-0.6433283364284736,-0.6426900742998203,-0.5802556630716706,-0.4798828615669193,-0.7309484528074821
-0.5163932072215012,-0.73662261052291,-0.737193805257248,-0.102087523570608,-0.4815523065223389,-0.942559531885476,-0.9724916474566074,-0.6789426809830663,-0.9315959023088766,-0.7272580159426536,-0.6433284438982872,-0.6436506541231866,-0.5814879714689393,-0.479516075871141,-0.7329510170512686
-0.5183576117061779,-0.7360297303516617,-0.7383441784982707,-0.1002372095470691,-0.4801165691849022,-0.9415547337173132,-0.9731390825753216,-0.6796191077383227,-0.9329184117056184,-0.7270038847496331,-0.6419486566727592,-0.6420523832708245,-0.580505188105489,-0.478980740018151,-0.733247002143645
-0.5172588037393792,-0.7365928986247228,-0.738494220808896,-0.1011341561111746,-0.480714028186539,-0.942592576731899,-0.9735129511821028,-0.6801313869569484,-0.9325560028351166,-0.7276930536386166,-0.6424315062425505,-0.6430791218388163,-0.5817505182986826,-0.4789342688245021,-0.7347152430079804
-0.5162829409604165,-0.73738323819542,-0.7384272694697064,-0.1026254818017795,-0.4816950001352594,-0.9436923418720908,-0.9732710635274908,-0.6806789780054912,-0.93219720137898,-0.7286455128454655,-0.6434750087960408,-0.6442678872126386,-0.5829625212253309,-0.479414948260043,-0.735708939300131
-0.515952699802906,-0.7378666978756244,-0.7387680814846459,-0.1035449307329827,-0.4821553908247565,-0.944564358619196,-0.9731233164344169,-0.6811041357395319,-0.9319124548666726,-0.7290309191661117,-0.6440587524701175,-0.6450350475345952,-0.5838118156931688,-0.4793629533310699,-0.7363625960759819
-0.5166131993257504,-0.7374280987457495,-0.7391538196410739,-0.1022373350192069,-0.4813927872168489,-0.9439306292432108,-0.9738176501972212,-0.6814153712789884,-0.9326072499186604,-0.7289696238039802,-0.6430362367000935,-0.6441309848104677,-0.5833259764606649,-0.4790869404048022,-0.7369052409950395
-0.5160457741975081,-0.738084406868577,-0.7393263989923022,-0.1034257617350804,-0.4820454450556155,-0.9448859977335304,-0.973665621578499,-0.6819065836227776,-0.932496602121013,-0.7298321834801085,-0.643900800145488,-0.6450134415851309,-0.5842706637377509,-0.479440257046149,-0.7376322803795371
-0.5176283192301936,-0.7378423157637037,-0.7395759215909965,-0.1022528437811999,-0.4815615623690418,-0.943593371927269,-0.9743657611701492,-0.6820153530505009,-0.933677091872704,-0.7296610968409876,-0.6435774887395638,-0.6435761110169977,-0.5830749520554319,-0.4798346700147327,-0.736631744291509
-0.5193696971045068,-0.7374806363736256,-0.7409057004886241,-0.1007799248045956,-0.4801502413541291,-0.9430430601561404,-0.9738332376286304,-0.6827342795417856,-0.934794170044242,-0.7299496158197918,-0.6420291525116905,-0.6424330347604885,-0.582695929149936,-0.4793099592451292,-0.7377683435442834
-0.5206347727869829,-0.7368864039520344,-0.7392623739253075,-0.0994725641318936,-0.4791973500024645,-0.9414229282429216,-0.9720101520377066,-0.6813043378904587,-0.9359534451638292,-0.7299942217319144,-0.6414585482405465,-0.640145938801459,-0.5816999445280558,-0.4801780643265269,-0.7361417600325566
-0.5203215925706496,-0.7380478373028329,-0.7409211112884012,-0.1015115034549547,-0.481008771810078,-0.9429380512123192,-0.973764429212914,-0.6829727522215945,-0.9356485472370024,-0.7308894149515562,-0.6434006351234955,-0.6421424439324973,-0.5826633156940988,-0.4807204048915449,-0.7371165372356387
-0.51975463876272,-0.7387403161240048,-0.7410160630488923,-0.102581173404829,-0.481863580042792,-0.943816000519638,-0.9746106976557072,-0.6840404122775867,-0.9356088879025302,-0.731546485051416,-0.6443369914782962,-0.6431015050043827,-0.5835940413702767,-0.480961520077953,-0.7379828462210607
-0.5181234659628392,-0.7397035145934774,-0.7401193851155323,-0.1045487483616687,-0.483734782025958,-0.9447434633168778,-0.9750193007780816,-0.6838843620068331,-0.93503845278601,-0.7322804745659518,-0.6465102394228733,-0.6443076836002745,-0.5844298113085811,-0.4820542147411438,-0.7373241783276916
-0.5178888751500333,-0.740050152615708,-0.7406131144482838,-0.105009364702372,-0.483897006597956,-0.9453739220202912,-0.9752921745059916,-0.6846492143009566,-0.9352232729525702,-0.7330209782809888,-0.6466912359962783,-0.6447931359275543,-0.5852289830461217,-0.4819918817328121,-0.7387020838741851
-0.5181063943229498,-0.7401314947921975,-0.7414265975950701,-0.1045885352732352,-0.483364307306901,-0.945736100355275,-0.9758000382336098,-0.685487904844696,-0.9354786751368994,-0.7332854044460649,-0.6459089229755242,-0.6448527662515985,-0.5857097089444611,-0.4812976037655085,-0.7403888792695595
-0.5176975885084812,-0.7406387117270146,-0.7407063646676645,-0.1057768455863662,-0.4844011544288985,-0.9459670822988372,-0.9753701289538876,-0.6851173560295429,-0.9353759336866518,-0.733762247942375,-0.6474174922226644,-0.6452307157750813,-0.5858271555320196,-0.4824604219852804,-0.7391458881998006
-0.5180070849256476,-0.7406700103563402,-0.7408252182583982,-0.1056114896781936,-0.4843924565470462,-0.9458260694448696,-0.9755126568346868,-0.685217241482958,-0.9356592543000848,-0.733807267049958,-0.6473968262669751,-0.6450049514620522,-0.5856988278130003,-0.4825522561932274,-0.7390775786327604
-0.5201117564249728,-0.7407544558372698,-0.7412804347944151,-0.1046553802600002,-0.4838961666267518,-0.9451914944659692,-0.975509271968886,-0.6856691603339965,-0.936701902852161,-0.7336858713938941,-0.6469921529009113,-0.6437264513161393,-0.5847316533230191,-0.4829821088352902,-0.7381743394636482
-0.5191511039760945,-0.7414598428262366,-0.7407883987333822,-0.106123807265632,-0.4852581707141316,-0.9460042448935344,-0.9758099750331952,-0.6854234584105889,-0.9364399139869558,-0.73444381525683,-0.648609769466338,-0.6445608662912059,-0.5854145194884105,-0.4838165853954866,-0.7378285505696728
-0.518344929930551,-0.7420092630151931,-0.7406503608742492,-0.1074410896026332,-0.4859445758656029,-0.9470055453457528,-0.9755463099977016,-0.6856997803945258,-0.935951579397564,-0.7352087880912545,-0.6495077964136649,-0.6456736702107796,-0.5864817530143543,-0.4840729966468421,-0.7384789820772187
-0.5213822439648339,-0.7419305524540166,-0.7410015316606471,-0.1055657353824126,-0.4850380333286999,-0.945739537384887,-0.975157714836539,-0.6854853823487181,-0.9371248045897348,-0.7347385611345235,-0.6483038952477311,-0.6428864823075731,-0.5844941885654452,-0.4853331252602945,-0.7360366997221226
-0.5204673825191557,-0.7423883343053962,-0.7407887760012867,-0.1066224473373231,-0.4859538708657582,-0.9463718514908688,-0.9759996002479608,-0.6856680052298465,-0.9368082423689164,-0.7352924459399027,-0.649319592694578,-0.6438193883277331,-0.585184171803862,-0.4856665964123327,-0.7363326905949574
-0.519127435776969,-0.7429443964179682,-0.7406091512354862,-0.1081568161985693,-0.4869923210834322,-0.9473690575493856,-0.9759971293838547,-0.6857544839584786,-0.9361996501213476,-0.7361271422901392,-0.6506695636485913,-0.6452626571684321,-0.5863617939806948,-0.4857390074696519,-0.7371567565952156
-0.5195093785361501,-0.7431915282063661,-0.7409436815088097,-0.1079663577341575,-0.4870253554754502,-0.9473296122673216,-0.97637128520738,-0.6862152246872107,-0.9367756444579352,-0.7364414510394305,-0.6506121304950809,-0.6448809242353375,-0.5863558817781804,-0.4860556929274008,-0.7374522926736006
-0.5215141668693211,-0.743114788083141,-0.7414525184910447,-0.1067756022103564,-0.4860400615924874,-0.9467477030957172,-0.97570819864197,-0.6865650445915723,-0.937542826359254,-0.7362545575056277,-0.6495388353612302,-0.643376994052181,-0.5855178080942612,-0.4865080674097157,-0.7366305558600053
-0.5203674120864605,-0.7434993154768137,-0.7410225560745003,-0.1081667257700856,-0.4872642535182568,-0.947514474888177,-0.9767510503326224,-0.6863241892231055,-0.9368474791919889,-0.736752234059886,-0.6509094136942537,-0.6446414888112324,-0.5862829693581869,-0.4868077660347216,-0.7367029282381782
-0.5225212038286946,-0.7431271106225289,-0.7415900004249644,-0.1061888717154195,-0.4854676144606237,-0.9466524773518272,-0.975064084217792,-0.6867124405474139,-0.9383279895317284,-0.7368782009157514,-0.6489554789398086,-0.6426154286361829,-0.5853633021733021,-0.4867302587141527,-0.7372067422648743
-0.5226143416246798,-0.7432622865544241,-0.7413843795503648,-0.1064097941045277,-0.4856894351642674,-0.9467548005394658,-0.975038980437213,-0.6865351113385911,-0.9382507530755324,-0.7369879430302894,-0.6492280129828615,-0.642564657464346,-0.5853246491682416,-0.4871583916645276,-0.7365789469135471
-0.5217000268611283,-0.7440173051542853,-0.7417775131140159,-0.1080124622256245,-0.4870895871393485,-0.9477220662265204,-0.9764040289808852,-0.6874213315898328,-0.9376566988804236,-0.7374826551897417,-0.6508478444676504,-0.644020579073256,-0.5863916574896147,-0.48755669267766,-0.736903060744379
-0.5206245503359932,-0.7443820755398532,-0.7420464075891002,-0.1088844642027841,-0.4877795423664642,-0.948381444429956,-0.977463410823836,-0.6879762744540548,-0.9376324000340738,-0.7381853812855222,-0.6516187889084606,-0.6451491277237771,-0.5874300747727571,-0.4870985633545003,-0.7385069566495638
-0.5199530174083415,-0.7448252431907696,-0.7421998324756496,-0.1096524189561203,-0.4882544270744586,-0.9490540738981028,-0.9774500478715774,-0.6884029197316719,-0.937630519973686,-0.7388600792738522,-0.6522752623262033,-0.6458005073681773,-0.5882044036116849,-0.4871092250027748,-0.7393001584176611
-0.5196337596860314,-0.7452621607721203,-0.7423458345516691,-0.1105048927299919,-0.4886708365510488,-0.949839457830979,-0.9774211351224678,-0.6889204027017274,-0.9375191386241488,-0.7395483266786635,-0.6529126158873104,-0.646552626536572,-0.5890022461954308,-0.4871520493377138,-0.7399264019648972
-0.5194985500961123,-0.7455466295393435,-0.7426333198658507,-0.1108748745347696,-0.4888387419945559,-0.9502576492822234,-0.9775297960974548,-0.6895126034154473,-0.93773375327395,-0.7400472159295032,-0.6531709980259217,-0.6469296390788795,-0.5895271955171537,-0.4871312662182261,-0.7408017405098676
-0.519563215771971,-0.7454830051523731,-0.7426723426498609,-0.1107491977702503,-0.4887616275409493,-0.9501834501226124,-0.977559763858016,-0.6894939049030231,-0.937791721427511,-0.7399710143536374,-0.6530495940473939,-0.6468659361665317,-0.5894518632913976,-0.4870462420622593,-0.7408822026530331
-0.5208770497643818,-0.7452005095558798,-0.743849105726212,-0.1092025137347045,-0.4877061981349896,-0.9494286808722532,-0.978148509350286,-0.6907527547838512,-0.9392777540479008,-0.7398991406794275,-0.6516657501572134,-0.645839254549946,-0.58904566848348,-0.486479297353369,-0.7429021463761825
-0.522251766532596,-0.7446671363946146,-0.7443321344195791,-0.107679492850177,-0.4863587282142266,-0.9484343630099484,-0.976878557650499,-0.6905077899817257,-0.9400274074919356,-0.7395743906417618,-0.6501001894180708,-0.6444798253899651,-0.5881926822356813,-0.4862611546666429,-0.7429487797361477
-0.5227666479517001,-0.7446321817923184,-0.7435482021612276,-0.1071040785516801,-0.4858700551461764,-0.9480657847111112,-0.976135830635989,-0.690097779500561,-0.940476597045788,-0.7397639687269155,-0.6495243862578379,-0.6435146320780516,-0.5877272222184163,-0.4866939163860057,-0.7425516028779187
-0.5226555378148862,-0.7449735440306606,-0.7441322043985441,-0.1076520768370876,-0.4863067181487374,-0.9484977988311142,-0.976638951344152,-0.6907021040567799,-0.940503458454544,-0.7401553585857075,-0.6500425785302604,-0.6440794168137189,-0.5882741310838451,-0.4867051336966918,-0.7431793246531753
-0.522320538020048,-0.7455187519554649,-0.7443579170049613,-0.1083681310141829,-0.4869629573595294,-0.9489658634661507,-0.9770022546041466,-0.6909906580049936,-0.9404392109094044,-0.7405862157119872,-0.6508175450263336,-0.6444393399628314,-0.5887158669900384,-0.4872866227652859,-0.742977093698791
-0.5220044293824114,-0.7459369106060736,-0.7445544233021205,-0.1090471263103012,-0.487529993779478,-0.9494486926017718,-0.9775579954281296,-0.6915282629967254,-0.9403606881800638,-0.7409664488793853,-0.6514864210717863,-0.6449974230787049,-0.5892731687232919,-0.4874596815937219,-0.7433492638805868
-0.5220950497802012,-0.7460628229048963,-0.7443774956476845,-0.1091651999525149,-0.4876535466349104,-0.9494721389544928,-0.9774294486496607,-0.6912818100500442,-0.9402752760917104,-0.7410181156570133,-0.6516460782319156,-0.6448683368417569,-0.5891578468241728,-0.4878866540460228,-0.7427159429077058
-0.5216401536581212,-0.7466912979555335,-0.7441207275823327,-0.1101388849640628,-0.4885075384997799,-0.9500404310718428,-0.9780056944018196,-0.6916354673974625,-0.9400779595545796,-0.741569133178018,-0.6526846690690224,-0.6454770936073285,-0.5897175479215928,-0.4885418417846544,-0.7425398423703858
-0.5215968147361583,-0.746729733956516,-0.7442623710871871,-0.1101055587932341,-0.4884585920432123,-0.950069058841526,-0.978042129388031,-0.6918583003431402,-0.9402393361189924,-0.741679795343998,-0.6526185259876323,-0.6455151360732156,-0.5898419691929229,-0.4884311816087431,-0.7429717472446565
-0.5210028841516806,-0.7473674418958076,-0.7441828319619744,-0.1111943787779215,-0.4893740916652979,-0.9508495115242066,-0.9788225408525412,-0.6920168590248725,-0.9401295754567542,-0.7424820772653975,-0.6537040997830986,-0.646307290436849,-0.5905967273541247,-0.4888886402243419,-0.7432765012557792
-0.5222511620390463,-0.7467653513300683,-0.7450254880162828,-0.1095261225413459,-0.4878578688462688,-0.9499911360490024,-0.9775921586627336,-0.692227362635505,-0.9411097394343252,-0.7421879938858185,-0.6519338946808155,-0.644973662221288,-0.5898875872357526,-0.4883761845922486,-0.7440397635707496
-0.5232198884662076,-0.7464594939067076,-0.7441777005044388,-0.1083453095541294,-0.486672645778282,-0.9494164526355772,-0.9766222079791924,-0.6920937152370429,-0.9420928206879876,-0.7425229252007506,-0.6506285834117145,-0.6437804335319327,-0.5893914322534074,-0.4878047890394635,-0.7448346497510909
-0.522397069657397,-0.747057569101024,-0.745398288631806,-0.1096290943481556,-0.4878664030596609,-0.950274628291497,-0.9777482204252278,-0.6929078343523375,-0.9416164743308232,-0.7428544215493516,-0.6519653640237568,-0.6451009659581706,-0.5903585475983484,-0.4883048187696774,-0.7452426790667931
-0.5228545341293971,-0.747077419439681,-0.7445535915588103,-0.1094296069922744,-0.4877259749252903,-0.9500556607782564,-0.9772032788277344,-0.692340142478437,-0.9416320933489124,-0.7428636679846781,-0.6518281051161604,-0.6444610359652232,-0.5898605718035118,-0.488971767024455,-0.7440476014532325
-0.5218785907497387,-0.7477889781699016,-0.7451541142911398,-0.1108619526429826,-0.4889862874573329,-0.9509465800783564,-0.9784550598178618,-0.693252578695638,-0.941147541019536,-0.7432528972065799,-0.6532823656999793,-0.6458338045147541,-0.59092494558851,-0.4891105760840311,-0.7445493886026695
-0.5217834974240532,-0.7480840162964694,-0.7453706132037066,-0.1112387530465887,-0.4892612368244196,-0.9513151124768716,-0.9788308033739672,-0.6937914206075344,-0.9412916584124263,-0.7437028976776556,-0.6536143877848899,-0.6461848538260389,-0.5913719367215079,-0.4890606539164263,-0.7452463340217673
-0.5228499884638811,-0.747879639339268,-0.7448760020243144,-0.1102733547855912,-0.4884304581102324,-0.9507211406199806,-0.9776516063834276,-0.6929582090175277,-0.9419099809976466,-0.743801077359013,-0.6526971556341398,-0.644835129328711,-0.5905233280323564,-0.489801054103016,-0.7442664572303246
-0.5221317503626859,-0.7485122716900722,-0.7452522539566349,-0.111599963460319,-0.4896092568097033,-0.9515573825896084,-0.9786586174881404,-0.6936183630437538,-0.9414456023435224,-0.744141025148373,-0.6540749773357162,-0.6459376023150468,-0.5913524943420059,-0.4902002733980825,-0.7442760428324542
-0.523105697237291,-0.7480865023438519,-0.7443810700299737,-0.1103638348415419,-0.4885230859782476,-0.9508358679656268,-0.9774677621959617,-0.6928139090787593,-0.9421654585299148,-0.7442549654962038,-0.6529238225592844,-0.6445203093991447,-0.5904470182914693,-0.4900939815895228,-0.743602428542528
-0.522668999097397,-0.7486468380363714,-0.7453177258444647,-0.1113766995371407,-0.4894100706928233,-0.951543726641226,-0.9782582887696746,-0.6935189983849647,-0.9418125432573788,-0.7446676028457635,-0.6539412861828647,-0.6454086620773914,-0.59121461633373,-0.4908300622486016,-0.7440018661063966
-0.5234480743923962,-0.7484286755984008,-0.7443546786539217,-0.1104787188867267,-0.4885264832175282,-0.951083303854151,-0.9774657539365628,-0.6932929583313104,-0.942833092311474,-0.7450205992265639,-0.6530238260283714,-0.6443834084849043,-0.5907402273941759,-0.4900932004070462,-0.7442304435048237
-0.5226435785878202,-0.7492611510115257,-0.7459891855715413,-0.1121457107175113,-0.4900280216388387,-0.9523114708567256,-0.978814646060846,-0.6944353344733403,-0.9420371874970104,-0.7455165249453752,-0.6546905080475425,-0.6459747759718953,-0.5919974506782139,-0.4911454803154645,-0.7448538042300933
-0.5221205842092694,-0.7498256750190253,-0.7458191822151727,-0.1132040714314564,-0.4909400079535357,-0.9530743390429744,-0.9796292221002328,-0.69501143647776,-0.9417641591164811,-0.7459811492917041,-0.655630050022123,-0.6468833102868687,-0.5927242315286821,-0.4912768970578868,-0.7451376837499744
-0.5218659086903752,-0.750088314857088,-0.745600037290725,-0.1138709840939433,-0.49143208699226,-0.9535158637166796,-0.9801383838503364,-0.6948734532641058,-0.941530325775602,-0.7462747076011438,-0.6561216464053381,-0.6474283246178116,-0.5930801679167486,-0.4914464467607173,-0.7450879162078017
-0.5211751981385355,-0.7505343946533889,-0.7456085843438884,-0.114678451912807,-0.4918831155324337,-0.9541523197252492,-0.9803450180945428,-0.6952515227894553,-0.9414959994014124,-0.7468356954087485,-0.6567309918094271,-0.6481590595503739,-0.5937897497127222,-0.4914180641954319,-0.7458108377881753
-0.5211223447263125,-0.7506259975030997,-0.7457143011119064,-0.1147897135230519,-0.491919660247749,-0.9542574297062072,-0.9803925103564838,-0.6954312050525149,-0.9415720601864572,-0.7469713040129368,-0.6568215989910593,-0.6482596320357039,-0.5939437983001298,-0.4913652616548692,-0.7461098128310715
-0.5208881108253339,-0.7508351346609239,-0.745849680508915,-0.1151243013835186,-0.4920806414271753,-0.9545452874541646,-0.9804238219026346,-0.6957469101713585,-0.9416320530572436,-0.747288815312764,-0.6570643315894544,-0.6485431536100744,-0.5943013462300969,-0.4913493456356729,-0.7465530315698381
-0.5216688493183177,-0.750653366604687,-0.7463372535187529,-0.1143370011781848,-0.4916415446315197,-0.9540790277921792,-0.980712776817072,-0.6961667634471059,-0.9422524434104927,-0.7471558993458166,-0.6566054663277843,-0.6479924387525937,-0.5940549524253285,-0.4909735427742988,-0.747387417036488
-0.5209220963254355,-0.7511613687269472,-0.7462443031119719,-0.1153119330046149,-0.4921920247576788,-0.9548123479742104,-0.9806462769591184,-0.6964085259743423,-0.942083921317653,-0.7478066700908788,-0.6572860712775273,-0.6486913287271323,-0.5947500503621759,-0.4913227788834532,-0.7476939145858775
-0.5219710912851341,-0.7510585131860327,-0.7464685526454353,-0.1145608001986298,-0.4919128308673112,-0.9543390621120288,-0.9806846927460928,-0.6964720569870685,-0.9424785173492612,-0.7476748357631033,-0.6567448978464692,-0.6478604762136805,-0.5942207561253554,-0.4917482946473555,-0.7471662054574437
-0.522185099029734,-0.7511326329412145,-0.7467971142920538,-0.1144381726515919,-0.49181961148163,-0.9543492513850916,-0.9806231824065378,-0.6968992408841298,-0.9427813208723202,-0.7478518095842361,-0.656686933010638,-0.6477731243881059,-0.5943365499378547,-0.4916196567185868,-0.7477283510614317
-0.5217315042156478,-0.7514673613647089,-0.7465001846641577,-0.1152771548822468,-0.4923674528509357,-0.9549298085002424,-0.9810309246413954,-0.6967029977296313,-0.9424294113066092,-0.7482304498227743,-0.6572919108416635,-0.6484157997338034,-0.5947538155371762,-0.4919724452444786,-0.7474450770561614
-0.5210408556327973,-0.7518121644056822,-0.7463996676402094,-0.116001399678157,-0.4927323888734802,-0.9554458063266148,-0.9808522370509044,-0.696905966585148,-0.9422421226844436,-0.7486283267321927,-0.6577261604878596,-0.6490174161107248,-0.5952799604449324,-0.4920086510481518,-0.7477421311541628
-0.521417389026994,-0.751913735169154,-0.7464093936831022,-0.1159982956401944,-0.4928223469396535,-0.9554916049747084,-0.9810133385303276,-0.6968558429732311,-0.9422606798310766,-0.7488412451280182,-0.6577238553646827,-0.6488833779916735,-0.5952127232239295,-0.4924201301843631,-0.7472210179290187
-0.5222000064157042,-0.7517758537800125,-0.746751449747334,-0.1154041139035515,-0.4925258252084618,-0.955121328026898,-0.9811959125613928,-0.6969671801888813,-0.9426475895176096,-0.7487894152485531,-0.6573471908257849,-0.6482623991019827,-0.5948604212595738,-0.4925882448996052,-0.7472597586838806
-0.5224873709632083,-0.7519091044118448,-0.747196449916914,-0.1152471030333245,-0.4924208792907324,-0.9551395594686088,-0.981075413427092,-0.6976326633862495,-0.9431630938933682,-0.7490115450294283,-0.6572439837019057,-0.6481107600932512,-0.5950438877213674,-0.4924621633635982,-0.7481505533750059
-0.522731065490187,-0.7520110830097548,-0.7477143595108985,-0.1149718992933622,-0.4921546965102331,-0.9550867623895064,-0.980986572745454,-0.6983962362464631,-0.9437213542917894,-0.7492073352436215,-0.657121313210096,-0.6479730110820432,-0.5952585704030249,-0.4920508585976615,-0.7493384019672159
-0.5240743568816792,-0.7512325679370051,-0.7466210185094193,-0.1129834286677642,-0.4903130758900246,-0.9536917477861758,-0.9792757831179946,-0.697310893347353,-0.9449744974146658,-0.7492642406144114,-0.6552604768392513,-0.6459218377780401,-0.5939445299461789,-0.4916711437461186,-0.7490326468093421
-0.5235870125477113,-0.7517148926993391,-0.7474706620172775,-0.1139143447508592,-0.491132180866607,-0.9544367848631716,-0.9799944879961724,-0.6978650527305892,-0.9444097155544025,-0.7495506024441763,-0.6561841191406529,-0.6467654200811224,-0.5945932453806961,-0.4924563329449277,-0.7491726920518723
-0.5229965341528865,-0.7522828115242304,-0.7479387242018234,-0.1151286676095379,-0.4921952392449521,-0.9552695476030268,-0.980868809947172,-0.6983439730368218,-0.9439068611962036,-0.7498557752494053,-0.6571441805968268,-0.6477302338189744,-0.5952896703223634,-0.4929362931342321,-0.7489266749615424
-0.5231295392174733,-0.7522334502846524,-0.7479562911402687,-0.1149552776570962,-0.4920210110027662,-0.95505180531074,-0.9806135933158858,-0.6979776974004086,-0.9438938458757083,-0.750028377491757,-0.6569611079999291,-0.6473994092748779,-0.5950436290955415,-0.4932979474381998,-0.7484405718515311
-0.5231066091172084,-0.7526001707601979,-0.7481739902668727,-0.1154155956730766,-0.4924046889664055,-0.9555448345186364,-0.9810441307987,-0.6986760505696096,-0.9440898116410724,-0.7503914048163135,-0.657356146428203,-0.6478411891549041,-0.595579360716475,-0.4932427757722266,-0.749204348415435
-0.5231669411364618,-0.7528277386005888,-0.7483901601873335,-0.1156443572702513,-0.4925703879585471,-0.9558348852345372,-0.9812599608090984,-0.6991757889707555,-0.9443146582518308,-0.7506764313751574,-0.6575594830259621,-0.648065506411361,-0.5959409538284425,-0.493074492532899,-0.7498978574966497
-0.5225014718639536,-0.753360758374669,-0.7479482919788625,-0.1169114271255013,-0.4935450451494123,-0.9567082203392092,-0.9822225858679005,-0.6991770387585374,-0.9437923091409794,-0.7511459419067406,-0.6585610813760503,-0.6492227307917776,-0.5966922973126609,-0.4931855497430047,-0.7498406377025111
