0,1,2,3,4,5,6,7,8,9,10,11,12,13,14,15,16
-0.4186972256870515,-0.477383578038742,-0.5611383226746686,0.2166474306508146,-0.2046512024413927,-0.7663701014481427,-0.880271069664329,-0.3233461070228523,-0.7146134354778602,-0.3867103913240318,-0.3935347261962693,-0.4992100024946507,-0.3641550863025948,-0.2043787637506329,-0.5638799610943754,-0.4201330503210247,-0.399340729240676
-0.4531149268999944,-0.6620688159768668,-0.6952478093730722,0.0159332223470967,-0.399779510798839,-0.885388763473053,-0.9195434598031464,-0.5948327821135376,-0.8630605056995753,-0.5969332689456748,-0.5629120818070608,-0.5887041444885435,-0.5418122366836691,-0.34955031196995,-0.7317417499013128,-0.563354784257873,-0.6011225853815859
-0.4355383086509178,-0.6620630499756274,-0.6931835340256278,0.0436125528176834,-0.4022421928941285,-0.8623725607965135,-0.8906219685940565,-0.6083352326369027,-0.8721917317414889,-0.585062441390476,-0.5507778080523702,-0.5377520104105724,-0.5352915073133538,-0.3515999558583567,-0.7368871017310316,-0.5385667201843277,-0.6133069749005484
-0.4237594832204254,-0.6209517273958776,-0.6915697835429352,0.08398397260747,-0.387544586834577,-0.8386596448080622,-0.8613838756141871,-0.6044475983061062,-0.8735017245285143,-0.5880529193817258,-0.5663239221097671,-0.4320729304339153,-0.5184283741190494,-0.3435251683619228,-0.7339421428205329,-0.5149478281985064,-0.6207270120947193
-0.4196500951330152,-0.5082029117794555,-0.6891428528392557,0.1463866292794153,-0.3821623421747516,-0.8242120030806352,-0.8366247549893968,-0.5836297718297729,-0.8754620623251899,-0.6138535527127046,-0.4051926337386944,-0.178580099252665,-0.4909827540982355,-0.3178066512776438,-0.7237346890307358,-0.5079994480097213,-0.6186805983026737
-0.3656402460705267,-0.3765739950271354,-0.687587703145056,0.2349853293279759,-0.3925053402912869,-0.80050085710928,-0.8193721909063564,-0.5817236033326318,-0.8770599762317131,-0.6081829733121571,-0.1293403294533517,0.1364295685432115,-0.4552823428430536,-0.2691110674902038,-0.7123247686461971,-0.5118215161213474,-0.6169693420702707
-0.3079344557600146,-0.371207238510606,-0.6767244640782275,0.3636271966099656,-0.232778929173495,-0.6927696712557434,-0.8342470365509775,-0.5940346720241773,-0.8809930965630681,-0.604190919755285,0.0786908048891898,0.1674869452287968,-0.4094284393588735,-0.2329144245890986,-0.7040777666774856,-0.5156242251764613,-0.6178830715012761
-0.2449732433826129,-0.3626314615100378,-0.6449802891537411,0.534235094093942,-0.1156268873082938,-0.5896855834621019,-0.8552622488661799,-0.6071910265463804,-0.8813192183560725,-0.6033429706263875,0.0513872257718639,0.1863416281669265,-0.3597443894389126,-0.2052839975738854,-0.6982293471269785,-0.5201872333437711,-0.6196938138580534
-0.1874874858764119,-0.3671388782814335,-0.5861816792843698,0.5933058012727825,-0.0376903419070911,-0.5560135218641877,-0.8730848507739303,-0.6285364944154488,-0.8845359147529139,-0.6005482375185085,0.0090182635227023,0.2034881649966498,-0.301865195707223,-0.1932888971361686,-0.6950235235253215,-0.5254153079887105,-0.6222041631691393
-0.1860560137795926,-0.498318427017783,-0.4728496733805064,0.5869265922989577,0.0388987739422634,-0.5332524824485521,-0.8899741776512735,-0.6335405987790479,-0.8917943692868512,-0.6105105477664503,-0.0425565696505612,0.2143276326079309,-0.2554315755471489,-0.2054517269730545,-0.6950274532053043,-0.5258029438789504,-0.6254355538600845
-0.1845081083472898,-0.6490992470701957,-0.31735918400497,0.5705396219255467,0.0859141478701291,-0.5108310584311908,-0.9057584506185884,-0.6419688370887684,-0.906152544129092,-0.6275026692701571,-0.0819169188585163,0.2209901455416378,-0.2319936274250684,-0.2388420525008793,-0.7069586187724725,-0.5329486853526966,-0.6292683389126321
-0.182807353731017,-0.7062485782887791,-0.2465871158280715,0.5541302059027614,0.0671347591031683,-0.5122636079506593,-0.9197916933526352,-0.6696866801956556,-0.9149937747371746,-0.6378387525910564,-0.1003309776704516,0.2276287670426839,-0.2535050070308532,-0.2819426225525142,-0.7195183234266924,-0.5246470727002869,-0.6336362658089645
-0.1808463487310856,-0.7413073454366785,-0.2299630593404806,0.5380309781457556,-0.0071117445430671,-0.5133125066518518,-0.9328844072223106,-0.684306288649176,-0.9196462145316072,-0.6567142022031633,-0.1299003372874697,-0.1727995244110658,-0.2974425182741057,-0.3259038419221775,-0.7326414579480225,-0.5157130395572558,-0.6384398670483654
-0.1787530103300805,-0.7559375663247605,-0.2161732328164695,0.5186631796869385,-0.1006109034862219,-0.5139962364614548,-0.9458999474677368,-0.6848793521315802,-0.931492086125693,-0.6740836124095246,-0.4088487692919694,-0.3534355909958714,-0.3580574349048239,-0.3634247430418488,-0.7457801288834497,-0.5072465119246041,-0.64355893130261
-0.1765315876873666,-0.7688257190693959,-0.2049738458180341,0.4628536848334062,-0.187720492147537,-0.5143908507703481,-0.9553754084040628,-0.6856549049443414,-0.958185153763434,-0.6899869904810119,-0.5736100268256699,-0.4497795963479444,-0.4142855329117582,-0.3927217612519707,-0.7599719828135584,-0.5001323208640436,-0.648926397002256
-0.1742565364860878,-0.7752881755884127,-0.1964337733986582,0.3101921560800616,-0.2586175595131529,-0.5145452148440484,-0.9639019941403296,-0.6862658731362912,-0.9566543407534256,-0.696426190982083,-0.5924052312451795,-0.5092683770090607,-0.4643300371602098,-0.4158712237864929,-0.7733312792759154,-0.4950911270537318,-0.6578393653164042
-0.1718017681152855,-0.7816809437501668,-0.2098967811927783,0.1932270775870582,-0.3112090964811154,-0.5145241058964141,-0.9717949375037194,-0.6866927926521651,-0.9566284223619752,-0.7054151642397948,-0.6247514949148034,-0.5440906645358796,-0.5062834015591526,-0.4344955661662875,-0.7848141196053537,-0.4926422445171649,-0.6671618048520912
-0.1694117986193684,-0.7866437974299141,-0.3268154014566929,0.1049426877846847,-0.3508392099027617,-0.514393135484122,-0.9782694090284232,-0.6869498635606195,-0.957432971281546,-0.7148753385054476,-0.6538028744404194,-0.5722789763358848,-0.5496893753625823,-0.4505576885494429,-0.7935591939604454,-0.502125732973908,-0.6765304200992046
-0.1670165087456741,-0.7895589289332359,-0.5159587216358761,0.0391354131907852,-0.3830688374648613,-0.5142248555776678,-0.9836141212130258,-0.6870817891367735,-0.9576857568016852,-0.7396400675942881,-0.6586707134866491,-0.5903640858754603,-0.5841942971796141,-0.4654072996365969,-0.8021404028138702,-0.5200870797146091,-0.6857579187445835
-0.1646318792943207,-0.7929079931935469,-0.642710946760516,-0.0010368388945879,-0.4077603509221939,-0.5265817404596997,-0.9881541970212012,-0.6870838865137053,-0.9584378194351424,-0.7467028127433163,-0.6592142238368196,-0.6050716500141341,-0.6027626795843315,-0.4768812582370872,-0.8112869551719426,-0.5259684824193636,-0.69608070221955
-0.1733583561506957,-0.7952723490644938,-0.6833137221367476,-0.0271411827227298,-0.4269755205103256,-0.6151460189470183,-0.992253485709966,-0.6875908388945752,-0.9591281053625728,-0.7363254378812008,-0.6669242870580376,-0.6170568510051944,-0.6141216320342948,-0.4863447334473278,-0.8177241553800989,-0.5280849887704244,-0.7063227791236898
-0.1763428882614683,-0.7971900283243817,-0.7139558633981927,-0.0486602312523108,-0.442075153565408,-0.6987732108385172,-0.9948324831154036,-0.6882198315967238,-0.9597368503575996,-0.7340544902207743,-0.6750162052499984,-0.6262045449941114,-0.6302267202319944,-0.4926398719168283,-0.8237125617165464,-0.5299946793218755,-0.7119058478892807
-0.178975978044994,-0.7986894666601942,-0.7375584496723125,-0.0714183884453201,-0.4537826215235362,-0.7644323102405072,-0.9966507106143376,-0.6887941329827061,-0.9602853572981742,-0.7315896053144594,-0.6812286895168886,-0.6332658110078568,-0.6367143368659519,-0.4957225396187586,-0.8295274787723145,-0.5317201557546458,-0.7190665028642058
-0.1782520749476163,-0.7998541322759795,-0.7653138614322446,-0.0843810203769627,-0.4635091879054613,-0.8163761244736427,-0.9988682033211728,-0.6893066046729713,-0.9604898262115162,-0.7290470035024395,-0.6836177408506415,-0.6388826873373485,-0.6405937122346029,-0.4984622886886128,-0.8345613657669368,-0.5332899314835544,-0.7203585111651611
-0.1764251421454278,-0.8007462564879841,-0.7660861562234782,-0.0961364826930397,-0.4713969166638224,-0.8479698858199314,-1.000433710020682,-0.6899152882524074,-0.9606065849034138,-0.7263949143060555,-0.6854701591056748,-0.6435277130524948,-0.6437074342551965,-0.5009085600999119,-0.8387445719688527,-0.534681515403035,-0.7214785573572582
-0.1772988505607765,-0.8014326251890417,-0.7667090204042356,-0.1060916446935925,-0.4772174466474282,-0.8734414124481976,-1.0018785525245917,-0.6910848971836199,-0.960696901718879,-0.7236570404256506,-0.6869208874827181,-0.6474110790952875,-0.6462170557928505,-0.5031108548870511,-0.8425224426462712,-0.535960820276378,-0.7228214645865954
-0.1810508908534021,-0.8006547879687769,-0.7702699747110093,-0.1121158346211916,-0.4820824246690802,-0.8950846498445599,-1.0033529539348984,-0.6921573859727098,-0.960818742892842,-0.7208594241955637,-0.6899275971678326,-0.6506136652989901,-0.6482552315998207,-0.5051325307433034,-0.8458234392597472,-0.5371257681932423,-0.7240777804739633
-0.1865368222107838,-0.7997497991383191,-0.7747665098139904,-0.1161507168530955,-0.4862785345701917,-0.9135254655347697,-1.004685992361598,-0.6931535780837381,-0.9609527667589652,-0.7179961700068211,-0.6924225483089962,-0.6532433305099737,-0.6499311350540838,-0.5070004020691288,-0.8487188174021385,-0.538194155526116,-0.7252557546143568
-0.1923465821954044,-0.7988620444676047,-0.7732780062632706,-0.119626969786992,-0.489922619106988,-0.9292478946044568,-1.0059246774128572,-0.6940671122463049,-0.9615713387339196,-0.7150668863230224,-0.6931925059512806,-0.6552557546736938,-0.6513863386966977,-0.5087161565593652,-0.8512665007530522,-0.539297740434679,-0.7263570247437305
-0.1978585067758709,-0.7980122112246735,-0.7729257579686941,-0.1227299808479805,-0.4931061891686739,-0.9426519891748568,-1.0070462430769869,-0.6949203072558053,-0.9622844166803766,-0.7120730250180836,-0.6936229585315676,-0.6567488863486275,-0.6523593668328822,-0.5102957705278246,-0.8527180478381254,-0.5403867669700188,-0.7273886968927561
-0.2046034538486655,-0.7971160318881465,-0.773990716444281,-0.1254191945359811,-0.4959049950792665,-0.9540824896104272,-1.0080610983224143,-0.6957480175827114,-0.9629157937955688,-0.7090168163601966,-0.6936653344173943,-0.6582804092690218,-0.6527145839180996,-0.5117563139147245,-0.8538456042744256,-0.5413949948423074,-0.7281884254998812
-0.211155455872052,-0.7961673477783194,-0.7752666292701685,-0.1277966096932986,-0.4983790544565653,-0.9622801703374372,-1.0089629327053984,-0.6965056435064423,-0.9624604214618544,-0.7059038432853367,-0.6942825719023851,-0.6597765835560703,-0.652987061165496,-0.513106217867527,-0.8559463689829588,-0.5423227972701794,-0.7279933153997966
-0.2174203603485817,-0.795254801602767,-0.7764609339823674,-0.1300536751140952,-0.5005792696765815,-0.9684818739802836,-1.0097739568128363,-0.6972175425714263,-0.9636475635628412,-0.7027404875337274,-0.695089224576898,-0.661138179392369,-0.6532227190459217,-0.5143627828982062,-0.8579752450510776,-0.5431761039981564,-0.7288988635347738
-0.2240118676976902,-0.7943827613409005,-0.7774666386345351,-0.1319303641958448,-0.5025441356456393,-0.9735545820960524,-1.0105036605985347,-0.6978755592898558,-0.9648274190423954,-0.6995324546123094,-0.6958800899177212,-0.6623417978806782,-0.6532965961603694,-0.5155361744358811,-0.8598402584185761,-0.543966361439596,-0.7297475850133361
-0.2305607112183807,-0.7935070808440495,-0.7784661854959635,-0.1335972745300664,-0.5043088838928483,-0.9775701009972688,-1.0112094638920888,-0.6986097382496796,-0.965942166117134,-0.6975604560564592,-0.6966242313545423,-0.6634127042842941,-0.6533720861810075,-0.5166323852643286,-0.8618477994501829,-0.5446308746347668,-0.7305440352556067
-0.2367687744023002,-0.7922433815673673,-0.7793715939809396,-0.1350519319063878,-0.5058995352565134,-0.9803680341531724,-1.012057295575986,-0.6994201853084155,-0.9670077959811944,-0.6980399921574595,-0.6974047618035495,-0.664373166216065,-0.6534060296698369,-0.5176592328332542,-0.862815464038103,-0.5452520888632186,-0.7312820483486198
-0.2426261576166864,-0.791075557160749,-0.7801303919629532,-0.136361416645618,-0.5073403195155265,-0.9824286748492496,-1.012810307820643,-0.7001707972004144,-0.9680763273694968,-0.6985063488899039,-0.6983026699775671,-0.6652333219899924,-0.653487722405681,-0.5186288652687508,-0.8619849576655204,-0.5458173261763883,-0.7319812019205941
-0.2482664510101503,-0.7900043298809699,-0.7808114076362658,-0.1379575611142352,-0.5086466535865009,-0.984363383122036,-1.013255601002831,-0.7008676331543422,-0.9690232933600468,-0.6989617142578861,-0.698864790135308,-0.6660065237482725,-0.653777439702802,-0.5195473590030051,-0.8620407272850862,-0.5462588970844078,-0.7326296900952276
-0.2537851495971393,-0.7890195749664123,-0.7814322750612636,-0.1393953880175684,-0.509822460043833,-0.9862948021164242,-1.0135628901308935,-0.7015262934982449,-0.969948411842848,-0.6993952464675194,-0.6989913646309693,-0.6667536754507977,-0.6544392180893904,-0.5204144356862879,-0.8622889717560966,-0.5466365686869159,-0.7332371593048166
-0.2590274347258304,-0.7881006212201387,-0.7820028160643391,-0.1407836772400501,-0.5108886574213896,-0.9881081165969828,-1.0138492932353422,-0.7021266512248088,-0.97087420053863,-0.6998180708754508,-0.6988539523825634,-0.66745915361304,-0.6547078572000438,-0.5212335557086231,-0.8625063875827989,-0.546984756252354,-0.7338053989047565
-0.2640865635482184,-0.787258533368621,-0.7825076906478123,-0.1417381638600225,-0.5118992645642797,-0.989806519216166,-1.0141046659931825,-0.7026943001894825,-0.9717297946004738,-0.7002253403778071,-0.6985752819597991,-0.6678591273875628,-0.6549615606445586,-0.522008500153798,-0.8627290812484741,-0.5473040334623474,-0.7343395316708083
-0.2702825779086826,-0.7864716426939407,-0.7829627867895103,-0.1428916003755946,-0.5128532849909001,-0.9913658622009864,-1.0143391356237803,-0.7032588780611226,-0.9726350466875544,-0.7006163609407602,-0.6983481431179375,-0.6680070215392508,-0.6551906314901255,-0.5227423118354302,-0.8632187484062485,-0.5476610989637367,-0.7348342050793452
-0.2763643929450005,-0.7859316934553215,-0.7833790485581354,-0.1443446296506877,-0.5137431997510307,-0.9929190043739884,-1.0145478330051136,-0.7037785309603828,-0.9734105676388942,-0.7009909988107659,-0.6985387273144316,-0.6681405655887341,-0.6554148759133478,-0.52343795676516,-0.8634698595194695,-0.5483491731267235,-0.7352984497927901
-0.2824448336545005,-0.7851287775914335,-0.7837630069279171,-0.1456725638894779,-0.5145715258664044,-0.994391932810872,-1.014731879499881,-0.7041548150779403,-0.9742236581791052,-0.7013593237535395,-0.6987189214555657,-0.6685226715880631,-0.6555925737695614,-0.5240975441378846,-0.8638236237257846,-0.5490381014407383,-0.735730666775914
-0.2884807744231724,-0.7844375734234765,-0.7841158912432405,-0.1465618684256364,-0.515343896603098,-0.9957455544756876,-1.0149107153928172,-0.7044162442535004,-0.9749942525120042,-0.70175751942124,-0.6988935788601708,-0.6689610383507397,-0.6557512669450922,-0.5247234536847581,-0.8646527577268577,-0.549726162208992,-0.7361288608613512
-0.2944553212959276,-0.7837374350820279,-0.7844398909521102,-0.1473482933933109,-0.5160589906874813,-0.9969882416279752,-1.0151330456719216,-0.7047313928682819,-0.975789841447787,-0.7021303329753135,-0.6990149673831086,-0.669382250578482,-0.6559011420924133,-0.5253175599568738,-0.8651607102966692,-0.550363267007248,-0.736464802619641
-0.3003669428388472,-0.7830698710691044,-0.7847385297198751,-0.1483334676660621,-0.5167315304307822,-0.9981701047355288,-1.015340490333559,-0.7052418707758414,-0.9765486897174984,-0.7024871359103234,-0.6991091376599359,-0.6698029507782743,-0.656043196000802,-0.5257485661250411,-0.8654165751276048,-0.5509928635123507,-0.7367675447537255
-0.3064633393296264,-0.782422096138137,-0.7850437693968825,-0.149016489737213,-0.5173661123882052,-0.999695901032221,-1.0155407945701895,-0.7057278213884126,-0.9772868803946084,-0.7028277808745538,-0.6991882967439252,-0.6701944196516452,-0.6561533931971428,-0.5260665961528745,-0.8655739417575539,-0.5516567645167585,-0.737039924597153
-0.3125577800205468,-0.7818325549969651,-0.7853019992459719,-0.1498728278648524,-0.5179673266466152,-1.0005668632597673,-1.015704603819008,-0.7061847798632945,-0.9776913697470744,-0.7031598773774947,-0.6992579441073624,-0.6705741113601854,-0.6562585410908036,-0.5263633187709654,-0.8656475935004295,-0.552521541337244,-0.7372925527220968
-0.3184870302687994,-0.7828808854959618,-0.785513325629548,-0.1503844628323729,-0.518536205051456,-1.0014851667706883,-1.0158232589155607,-0.7066228621465502,-0.9778870981577896,-0.7034475011308012,-0.6993384645832333,-0.6709682458451607,-0.6563767429611307,-0.5266398590638497,-0.8649219356008512,-0.5524748136311829,-0.7375273167564285
-0.3242851985661929,-0.7846008845831328,-0.785706552151874,-0.1507001833151638,-0.5190768444126661,-1.0025339010697911,-1.0159039883375751,-0.7070426950736468,-0.9780812489098928,-0.7037267238432053,-0.6994810854931075,-0.6709761613829152,-0.6564956355335811,-0.5268964606078061,-0.863772398145892,-0.5524551614343929,-0.737746201060129
-0.3299668146925599,-0.7861930355976267,-0.7858836816312218,-0.1508417890043679,-0.5195921022350836,-1.0035574305305237,-1.0159915298989262,-0.7074441026005561,-0.9782757861359632,-0.703990322466222,-0.6996314230537198,-0.6706426560403628,-0.6566083713612383,-0.5271351438419956,-0.8626264165821456,-0.5524614558712645,-0.7379566236537916
-0.3354899012848281,-0.7873053289632849,-0.7860460680197311,-0.150838618456763,-0.5200841639938538,-1.0046285118693838,-1.016076623863064,-0.707816582790108,-0.9784689433360312,-0.7042358836914958,-0.699774715087151,-0.6708310884418747,-0.6566591433754833,-0.5273555602050848,-0.8614759332360101,-0.5524625927445203,-0.7381506997379308
-0.3408799106196336,-0.7884881620581228,-0.7861931669300314,-0.1508728521537384,-0.5205284733750959,-1.005879555728376,-1.016158132877534,-0.7081743210858019,-0.9786605005951492,-0.704470207773536,-0.6999132352895401,-0.6710324701820685,-0.6567100034879286,-0.5275591439128927,-0.8602483584304321,-0.5523286017367928,-0.7382369767944412
-0.346821139514574,-0.7895799765094175,-0.7863303632489299,-0.1507311027802993,-0.5209011145833122,-1.0070480608287578,-1.0162493379256865,-0.7094622666375734,-0.9788581184650884,-0.7047031290167426,-0.6999480861746649,-0.6711352371873007,-0.6567630482900019,-0.527746817540291,-0.8590524245663541,-0.5523674198704452,-0.7383507237153255
-0.3631604664673614,-0.7906030095456129,-0.7864550129785151,-0.1506054112528155,-0.5212546378264856,-1.0086382626416597,-1.0163538844129163,-0.7099915666616604,-0.9790497231472916,-0.7049149446745144,-0.6998919245422754,-0.6712421922977657,-0.6567900772142747,-0.527918839475378,-0.8579056112394234,-0.5523906823517357,-0.7385330988827556
-0.3781551278648786,-0.7915556626600575,-0.7865948949899575,-0.1506089024734222,-0.5215874981295201,-1.010169144568073,-1.0164076865053666,-0.7102361917254497,-0.9792475153061349,-0.7050894048536666,-0.699851004510091,-0.6713274798964363,-0.6568152587448538,-0.5280761214526224,-0.8567988132043632,-0.5524050581041642,-0.7387197039866729
-0.3913809346851816,-0.7928658213702453,-0.7867431141344399,-0.1508997841826116,-0.5219050065250609,-1.0115631229015067,-1.0164373763165462,-0.710471668384969,-0.979429210717211,-0.7053529992758032,-0.6998386499503209,-0.6713970084676351,-0.6568421546845953,-0.528247890754731,-0.8557248616436904,-0.552415686092126,-0.7390010395381584
-0.4026247762465466,-0.7950382459991933,-0.7869433453241299,-0.1510159603671177,-0.5222064623671947,-1.012803344127279,-1.016474116008188,-0.7107011288256324,-0.9796190954142144,-0.7055936392112818,-0.699841137174866,-0.6714095336896768,-0.6568612788386929,-0.5284245155342395,-0.8546939077132395,-0.5524238412426731,-0.7392677630027615
-0.4121599693230237,-0.7969889693401384,-0.7871363351880485,-0.1510648814864596,-0.5224925461690331,-1.013589774751985,-1.016524846636573,-0.7109230029226581,-0.9798111180677564,-0.7058549301356044,-0.6998610854467052,-0.6714227797093578,-0.6568841376086911,-0.5285824346885427,-0.8536940663120909,-0.5526274547328988,-0.73952275258119
-0.4188161019454032,-0.7987354436925954,-0.7873212821968372,-0.1511118100869398,-0.5227653964524921,-1.0130908849779576,-1.0165858197324191,-0.7111389377004003,-0.9799998798473356,-0.7061426217284132,-0.6998802758346836,-0.6715295597346874,-0.6569134025551399,-0.5287238338860896,-0.8522905139605959,-0.5527772640845673,-0.73976877954548
-0.4249276733317001,-0.8002949907095852,-0.7874976538293449,-0.1511589402631521,-0.5230266777459684,-1.0126141100780528,-1.0166436982208646,-0.7113386884183319,-0.9801859166125038,-0.7064182600632394,-0.6998986897413954,-0.6716357737218905,-0.6569431197529184,-0.5288507603061758,-0.8514941791219937,-0.5528330975491188,-0.7399925859442078
-0.4300715607819033,-0.8016885175789333,-0.7876709740240855,-0.1511895202832993,-0.5232743202308512,-1.0121607499744054,-1.016673302571648,-0.7115386834585509,-0.9803773523802898,-0.7067012873770847,-0.6999163982401954,-0.671742827348249,-0.6569733361664455,-0.5289649882027782,-0.8506013023454564,-0.5529278824754147,-0.7402130021405757
-0.438652118110636,-0.8029270336227465,-0.7878185262819793,-0.1512217229426724,-0.5235112597157032,-1.0117306356983096,-1.0166960896894142,-0.7120216752702325,-0.980570902965437,-0.7069633113834212,-0.6999269273330918,-0.6718340702071215,-0.6570041259875923,-0.5290473777746277,-0.8497320910639727,-0.5529819674455665,-0.7404239903128232
-0.447020372927483,-0.8040295228376124,-0.7879060921327595,-0.1511920347004702,-0.5237383658608985,-1.0113250251385364,-1.0166758870799115,-0.7126259790325647,-0.9807642065951276,-0.7072628266349634,-0.6999239733697574,-0.6719307462212537,-0.6570354277514746,-0.5291338902213066,-0.8488903490601059,-0.5530299827422089,-0.7406208804887706
-0.4546358884269462,-0.8050085802819273,-0.7879877774513914,-0.1511302017714432,-0.5239533538329696,-1.0109441485855009,-1.0166099327683469,-0.7132207870106511,-0.9809576517149632,-0.7075458992629721,-0.6999211952673485,-0.672021013165953,-0.6570672001248117,-0.5292649943187839,-0.8481219049458432,-0.5530767832626431,-0.7407630785113944
-0.4591402638546896,-0.8057217949989786,-0.7880636068158562,-0.1510621211232718,-0.5241594785654253,-1.0105875864893556,-1.0165403940766642,-0.7137954823848427,-0.981162959500262,-0.7078004598054602,-0.6999186965044373,-0.6721061665503464,-0.6570994253306751,-0.5293188066951855,-0.8471363161571857,-0.5531221865473777,-0.7409717192404717
-0.4625545281483877,-0.806130872579098,-0.7881338275101604,-0.1512693131298972,-0.5243580408773021,-1.0109181244961258,-1.0164684618947286,-0.7143648418006184,-0.981396539614056,-0.7080544697763029,-0.6999164849616297,-0.672188243236015,-0.6571329223631551,-0.5289516463023307,-0.8459652390798584,-0.553166621324192,-0.7412815076830797
-0.4687530724947978,-0.8065182335645018,-0.788199081338112,-0.151534499952249,-0.5244873905893697,-1.011494747295529,-1.0163646486327518,-0.714894088189261,-0.981626761650594,-0.7084289877259505,-0.69990913879427,-0.6721998746777892,-0.6571733960300923,-0.5285743848823831,-0.8449944066791781,-0.5532096493916561,-0.7415738277201614
-0.4759691812783562,-0.8068791883210522,-0.7882593686358723,-0.1517910767554864,-0.5245483816323847,-1.0118002086547306,-1.0162653032406903,-0.7154120527400847,-0.9818525571398544,-0.7087478743356733,-0.6999029639413353,-0.672132688358268,-0.6572102028036703,-0.5283761529364198,-0.8439064315862149,-0.5532516282127313,-0.7416553542631459
-0.4828030815054827,-0.8069348547965944,-0.7883168425434761,-0.1520408701272458,-0.5246048767297459,-1.012112963893601,-1.0161665227531071,-0.7159164119287084,-0.982074443719784,-0.7090875010451992,-0.6998969132001757,-0.6720643584034824,-0.6572483576237655,-0.5281722142526523,-0.843207984577408,-0.5532968513483831,-0.7417277749062613
-0.4890649272403609,-0.8069922334655464,-0.7883631179418097,-0.1522839547882164,-0.5246562372400054,-1.012491118727912,-1.0160688435041951,-0.7164165268174916,-0.9822937037653784,-0.7089572444231884,-0.6998990683389387,-0.672058229386234,-0.6572833317255673,-0.5279611255141764,-0.8428122088445571,-0.553334295528533,-0.7417995815560481
-0.4923075417995071,-0.807047562479877,-0.7883844585295405,-0.1525203452063881,-0.5246867320717488,-1.0128868885639073,-1.015979562626988,-0.7168995851346456,-0.9825710962869464,-0.708719804456952,-0.6999296153445907,-0.6721585920088762,-0.6573075770697285,-0.5277431005166109,-0.8424233519901886,-0.5533732641231703,-0.741864430231346
-0.4939122068737879,-0.8071018132559529,-0.7883942769073675,-0.1526630558743764,-0.5247346334205523,-1.0132695433971548,-1.0158875141339432,-0.7173001544089086,-0.9830711326175658,-0.7088389905139422,-0.6999780510027566,-0.6722649578257428,-0.6573350465177537,-0.5275182905599898,-0.842132263849295,-0.5534096522239312,-0.7419228642961615
-0.4966899193033649,-0.8071541088130487,-0.7883905964919101,-0.1526579118331211,-0.5247793861066186,-1.013639936418724,-1.015795877196687,-0.7176974710000694,-0.9835992383370724,-0.7085193833853909,-0.7000267442185099,-0.6723449605567676,-0.6573633490827858,-0.5272872175750909,-0.8418458537174862,-0.553446611977132,-0.7419751340866937
-0.4997759395271496,-0.807205258960282,-0.7883941282229507,-0.152645131421198,-0.5248161287340285,-1.0139979813798674,-1.0157080688999307,-0.7180873426622171,-0.9840829390722424,-0.7079798825573108,-0.7000751543251303,-0.6724043607051475,-0.6573923039455594,-0.527049585520864,-0.8415821393869225,-0.5534948967850106,-0.7420224759864747
-0.5027333867895717,-0.8072553675343555,-0.7884150771567918,-0.1526197289195489,-0.5248551499620554,-1.0143445626953167,-1.0156240713263094,-0.7184628408925884,-0.984595361276002,-0.7074508805967581,-0.7001263016563424,-0.6724510495480484,-0.6574199109353582,-0.5268058376869377,-0.8415338361388678,-0.5535429723965938,-0.7420639870966708
-0.5055660387846499,-0.8073036950354103,-0.7883731825252906,-0.1525687343009865,-0.5249207605476733,-1.0146797171677222,-1.0155564661697587,-0.7188456554008729,-0.9851435286858092,-0.7069051834278444,-0.7001788398339918,-0.672424906888083,-0.6574600303125433,-0.5265559614897584,-0.8414860579723367,-0.5535853849141238,-0.7420996513745279
-0.5084305742114401,-0.8073508930663251,-0.7883067862787209,-0.152552911489167,-0.5250120671801752,-1.0150042646034436,-1.0154995347216258,-0.7192262202926216,-0.9856679129610808,-0.7065694020312155,-0.7002302358064856,-0.6723755821130626,-0.6575019630767772,-0.5263002083718522,-0.8414388225805214,-0.5536058708412241,-0.7421298193334771
-0.5109765825927272,-0.807397288275087,-0.7882790334883369,-0.1523809838939192,-0.5249205316167981,-1.0153181747732354,-1.0154860058016306,-0.7196029524058967,-0.986253138036339,-0.7065620410926572,-0.7002744948219924,-0.6723276988525048,-0.6575406728995101,-0.5260388437733965,-0.8413919585148049,-0.5536291021919123,-0.7421549344094523
-0.512841422234817,-0.8074418570534878,-0.7882559675126977,-0.1522114404342159,-0.5247255523134846,-1.0156197774759357,-1.0154865086247065,-0.7199658074196486,-0.9864946299410045,-0.706533262755449,-0.7003125289217758,-0.6722813767189579,-0.6575791397007118,-0.5257718325184186,-0.8413454749216293,-0.5536531024344473,-0.7421515863065895
-0.5146440240215424,-0.807486533280748,-0.7882480708393199,-0.1520989312034552,-0.5245196062839745,-1.015866402308842,-1.0154907589919795,-0.7202729834935286,-0.9866520495458,-0.706524099961247,-0.7003497870334614,-0.6722154041927089,-0.6576120168019426,-0.5254991942479442,-0.8412991340281437,-0.5536784424501395,-0.7421391854403196
-0.5163868791157817,-0.8075290669037389,-0.7882572630758269,-0.1521276721895089,-0.5243115019170965,-1.016104316679027,-1.0155019373301684,-0.720551415135043,-0.9869803702574516,-0.7063931121831526,-0.7003864342703484,-0.6721109184773407,-0.6576434813590024,-0.5252215100447347,-0.8412530859948714,-0.5537051423778526,-0.7421250008595929
-0.5180769743350345,-0.8075710349409329,-0.788374084439413,-0.1521849907064877,-0.5240962942770253,-1.016333919311988,-1.0155200716453463,-0.7208359888951461,-0.9873954893700466,-0.7063456200688665,-0.700422723350352,-0.6720006618137002,-0.657647094822625,-0.5249385097075898,-0.8415030279615353,-0.553733221775241,-0.7421069522717458
-0.5197118000235719,-0.8076113519779312,-0.7868815090390119,-0.1522965521263871,-0.5240982114595968,-1.016555787171572,-1.0155430809787924,-0.721111634280832,-0.9878265229132446,-0.7062835741653577,-0.700458166712436,-0.6719647240068233,-0.657640063278903,-0.5246030926201385,-0.8412622869625558,-0.5537627223943361,-0.7420864578614325
-0.5212921590038696,-0.8076503832753226,-0.7854788772420173,-0.152406899198391,-0.5241805386626107,-1.016770044150052,-1.0155718441544803,-0.7213830008482971,-0.98826447719524,-0.7062048162373726,-0.7004928004257296,-0.671890462610399,-0.657631002793442,-0.5242488500958659,-0.841128836758761,-0.5537934158111273,-0.7420567278169463
-0.522755681799762,-0.807687455974943,-0.7841314344030649,-0.1525155068271758,-0.5242607327835617,-1.0169769046421755,-1.0156047834187485,-0.72165794109646,-0.9887042793105256,-0.7061032679111631,-0.7005266346459955,-0.67189646715649,-0.6575004510466911,-0.5238905592098717,-0.8409982393361968,-0.5538248141877622,-0.7420221707925634
-0.5239722271469951,-0.8077283144198697,-0.7828030805260756,-0.1526225626668957,-0.5243459138256387,-1.0171764029133463,-1.015641299066141,-0.7219259306482748,-0.9891567861373972,-0.7060047228005082,-0.7005596726318019,-0.6719001460396719,-0.6573020876574553,-0.5235388900555334,-0.8408710013742444,-0.5538573271857065,-0.7419677863413324
-0.5248626917213095,-0.8077630257672193,-0.7815034652622783,-0.1527280694559378,-0.5244175357593448,-1.017368848066472,-1.0156815402412422,-0.7223321062727738,-0.989236989339085,-0.7058832875407958,-0.7005918793316506,-0.6718906017640169,-0.6571490696160174,-0.5232595030067608,-0.8407457203049813,-0.5553621056773647,-0.7419023080099428
-0.5254949936012903,-0.8078010114481116,-0.780238183222522,-0.1528321769971576,-0.5244594663638552,-1.0175543792210358,-1.0157245562327872,-0.7231107988120871,-0.9893212957702704,-0.705891934034854,-0.7006233160148894,-0.6718572326656688,-0.6571837994383805,-0.5229788461553178,-0.8406162293989936,-0.5595511202426627,-0.7418362946523043
-0.5261029797947421,-0.807835673329621,-0.7786302819218883,-0.1529349893745595,-0.5244781405185928,-1.0177363077932988,-1.0157709454615276,-0.7238292507342086,-0.9894070154019512,-0.7056125118084714,-0.7006540023914412,-0.6714241003159127,-0.6571681976916015,-0.5226965256435452,-0.8404453245000149,-0.5623552280858167,-0.7417560038637843
-0.526692289514963,-0.8078709780960688,-0.7770007289911736,-0.153036543082348,-0.5244966137919291,-1.0179155466306773,-1.0158192117806064,-0.7245429783696566,-0.9894929076272512,-0.7052013657194177,-0.7006833365659538,-0.6713364821774148,-0.6571505774992017,-0.522413513391222,-0.8403256188644701,-0.564960787543936,-0.7416739452290393
-0.5272601315141435,-0.8079045308991647,-0.7753727667252913,-0.1531254357166947,-0.5245189267863959,-1.0180895447349292,-1.015868882780126,-0.7252451323085183,-0.9895792036454424,-0.7061618482392005,-0.7007133619186475,-0.6712582018137816,-0.6571271088666021,-0.5221294469941975,-0.8402116502443817,-0.5674299846633153,-0.7415915496147498
-0.5278100069194264,-0.8079363742542768,-0.7737894753728709,-0.1531492596893826,-0.5245326694140637,-1.0182543863715492,-1.015917143668227,-0.7259399601962232,-0.989665237689686,-0.7059263161312511,-0.700742038458477,-0.6712138374914892,-0.6570999321796936,-0.5218453648801329,-0.8400968722875151,-0.569781701400731,-0.7415085713357759
-0.5283422407917275,-0.8079687473097754,-0.7723120742247832,-0.153176125801477,-0.5245499196618846,-1.0184136712173486,-1.0159235930167507,-0.7266972673500643,-0.9897511129713964,-0.7055612787782711,-0.7007707183199683,-0.6712747290993228,-0.6570566111435039,-0.5215607460494687,-0.839981297748942,-0.5720242833668421,-0.7414250278241374
-0.5288569322569769,-0.8079977640106379,-0.7708183098597889,-0.1532430679904379,-0.5245671661300273,-1.0186030633647734,-1.0159773024354628,-0.7272007966713208,-0.9898368155380876,-0.7048131793002576,-0.7007983590552691,-0.6712035400440662,-0.6570031316132797,-0.5212762491619375,-0.8398651483863606,-0.5741629045484864,-0.7413450770290719
-0.5293541437987592,-0.808026669379258,-0.7693083674811056,-0.1533427846658637,-0.5245839734877616,-1.018680012846644,-1.016070988920617,-0.727640550028375,-0.9899224399189273,-0.7041143086102067,-0.7008243197670875,-0.6711339166079069,-0.6569483863868616,-0.5209917963510928,-0.8397476640308114,-0.576201725241196,-0.7412525806407189
-0.5298370796068924,-0.8080543064075553,-0.7677831847096924,-0.1534383854411003,-0.5246002968254261,-1.0186706352601134,-1.0161629435524744,-0.7279732179822654,-0.990007801514164,-0.7034973699404147,-0.70083671333683,-0.6710623622750084,-0.656893636973743,-0.5207081372758495,-0.8396290885672087,-0.5781447000086056,-0.7411548352124996
-0.5303053458153488,-0.8080814142286092,-0.7662425191909046,-0.1535305773122605,-0.5246159672439894,-1.0186701076682394,-1.0162527417457474,-0.7282987800336638,-0.9900930958840276,-0.7028814253353479,-0.7008426580629997,-0.6709923101900397,-0.6568393399687349,-0.5204252334072412,-0.8395092526082314,-0.5799957541043412,-0.7410549096229105
-0.5307580840833154,-0.8081077102449745,-0.7646870399111074,-0.1535728622769421,-0.5246311889701192,-1.018677168771429,-1.0163422529370858,-0.7286249070779857,-0.9901788266935596,-0.7022709798107389,-0.7008487990635864,-0.6708071934239042,-0.6567837243800947,-0.5201435569963228,-0.8393997616013833,-0.5817588546831692,-0.7409527941485948
-0.5311990039966499,-0.8081326158831933,-0.7631367728060985,-0.1536154003036556,-0.5246461943509272,-1.0187980758203206,-1.0164292132976158,-0.7289500057157536,-0.9902037555111768,-0.7017177338330324,-0.7008563045422467,-0.6708590085013657,-0.6567272642959734,-0.5198633747484207,-0.839391996442662,-0.5834379541542937,-0.7408484890900489
-0.5316264222403416,-0.8081567648130354,-0.761645243381315,-0.1536667668604272,-0.524655801626752,-1.019019365640443,-1.0165148526853902,-0.7292920148975898,-0.990217512466209,-0.7011703027499231,-0.7008658393602892,-0.6707375521126726,-0.6566695753060501,-0.5195844089726425,-0.8394123527413807,-0.5850370277574177,-0.7407532130120104
-0.5320415089304558,-0.8081803656331807,-0.7601419120752573,-0.1537251650449708,-0.5246522674669478,-1.0192665179274194,-1.0165985419252128,-0.7296377703790242,-0.9902311555221536,-0.700641725001238,-0.7008730551958117,-0.6707123832172911,-0.6566116846693688,-0.5193075273592082,-0.8394297989914641,-0.586562565176618,-0.7406630822322037
-0.5324444351965114,-0.8082031742802233,-0.7586658877526631,-0.15380158072674,-0.5246483883673065,-1.0196207307062062,-1.0166815448641129,-0.7298298709305817,-0.9902448074550134,-0.700112194935617,-0.7008810431935001,-0.670594629044362,-0.6565527932763838,-0.5190529198809425,-0.8394480264963077,-0.5879966425066769,-0.7405739674921782
-0.5328355696312823,-0.8081596076390236,-0.7572488473608077,-0.1538804114257408,-0.5246442473504426,-1.0199814514561765,-1.016765663212269,-0.7300545729385768,-0.9902583940121298,-0.6995815281918032,-0.7008895740462104,-0.6705067103326584,-0.6564953128894251,-0.5190570751141677,-0.8394660629021995,-0.5909344491957604,-0.7404843005451627
-0.5332152566382165,-0.8081089789590129,-0.7558221942549956,-0.153959762829998,-0.5246398209543465,-1.020342735627612,-1.0168490403740869,-0.7304640218625409,-0.9902718847193446,-0.6990490651162864,-0.7008971315622474,-0.6704364835671572,-0.6564373293738213,-0.5191121118096549,-0.8394836811102036,-0.5939305598697706,-0.7403965885889958
-0.5335858536498586,-0.8080577603899632,-0.7543864788029924,-0.1540229906263979,-0.524635335295794,-1.0207071776542167,-1.0169115270119236,-0.7308147737518702,-0.9902853098793416,-0.6985555128451717,-0.7009051921420583,-0.670338790867455,-0.6563785132132512,-0.5191841712896437,-0.8395007946862313,-0.5967137691731953,-0.7403138120215759
-0.5339506737510218,-0.8080066319473825,-0.7529417808189863,-0.1540882518937096,-0.5246302328421011,-1.0210760821135056,-1.0168960380887968,-0.731175382082754,-0.9902989022828372,-0.698169376623498,-0.7009123318014694,-0.6702960360216433,-0.6563205673782992,-0.5192823907104999,-0.8395174878354643,-0.5993429034320019,-0.7402443888223601
-0.5343070692131413,-0.8079470854755815,-0.7514351341633139,-0.154163462263795,-0.5246247779577552,-1.021448440949705,-1.016880710517365,-0.7314305793313228,-0.9903127097489643,-0.6977807735466027,-0.7009201562212489,-0.6703508606144659,-0.6562608282547729,-0.5193942162176249,-0.8395338381169882,-0.6018299319858639,-0.7401722253150462
-0.5346534847468479,-0.8078868488570115,-0.7494480344156339,-0.1542368390525326,-0.5246189543239145,-1.021972880295388,-1.0168661711206526,-0.7316738259495417,-0.990326246459834,-0.6973938358412946,-0.7009321806012337,-0.6702528721000639,-0.6562010127239895,-0.5195045837970217,-0.8395498225224592,-0.6041836351754208,-0.7401053108327301
-0.5349892500620357,-0.8078261102350519,-0.7474597284071486,-0.1543097211422056,-0.5246127383269135,-1.0226676827302836,-1.0168526956120474,-0.731706439090438,-0.9903398452211924,-0.6970044023855391,-0.7009467181117264,-0.6702648142862089,-0.6561416937810997,-0.519613363687806,-0.8395654550542885,-0.6064117410981578,-0.740015233997414
-0.5353152688285211,-0.8077646394535483,-0.745442526219663,-0.1543827902834117,-0.5246084047788211,-1.023535716246254,-1.0168410080472692,-0.7316708175957649,-0.990352038460816,-0.6966138454949852,-0.7009588501306127,-0.6702190050782717,-0.6560810233855772,-0.5197208767526036,-0.8395809448812253,-0.6085214658727811,-0.7399247553179136
-0.5356283651761746,-0.8077022499534066,-0.7434105929409676,-0.1544556948917765,-0.5245953508941215,-1.024506976989588,-1.016831426996255,-0.7316742961833743,-0.99036606173551,-0.6962222470170507,-0.7009710850915851,-0.6702183662190366,-0.6560204077012675,-0.5198806087574195,-0.8395963440832708,-0.6104612443859655,-0.7398499259499094
-0.5359958956888847,-0.8076394650656915,-0.7412627474168942,-0.1545284363886481,-0.5245839141775417,-1.0257054640160992,-1.016825342620831,-0.7316378756898054,-0.9903795735523304,-0.6958296095722609,-0.7009831938064712,-0.6701033498677661,-0.6559590684278269,-0.5201230760946121,-0.8396116994474838,-0.612267955932517,-0.7397759244978805
-0.5364082120529005,-0.8075757671043442,-0.7386828101494765,-0.1546009905152971,-0.524572859209685,-1.0267144292433965,-1.0168234719121063,-0.7316021393581285,-0.9903928006584636,-0.6954360172376977,-0.7009956243681373,-0.6700690337388905,-0.6558888942009499,-0.5203621374447451,-0.8395202822203561,-0.6135773988551063,-0.7397148539957062
-0.5368055972990879,-0.8075112619411634,-0.7361392350215488,-0.1546733590658734,-0.5245625096738371,-1.027008203576869,-1.016820322883028,-0.7315654360565461,-0.9904057497217216,-0.6950424959336284,-0.7010050572029127,-0.6701732719135091,-0.6558306595328524,-0.520597905120544,-0.8396047595566752,-0.6139128506184435,-0.7396632134770841
-0.5371919296869481,-0.8074461509838542,-0.7335255105474666,-0.1547465739770091,-0.524548993514222,-1.0270481283824555,-1.016813336805353,-0.7315289885696136,-0.9904196797863974,-0.6946504807015976,-0.7010161905251736,-0.6702425991266463,-0.6557691282064636,-0.520830389497225,-0.8396468786562034,-0.6142325683011368,-0.7396128157468088
-0.5375646190520966,-0.8073801593904262,-0.7308676941296389,-0.1548189422560703,-0.5245293134121166,-1.027044422965766,-1.0168713665211118,-0.7314592271087956,-0.9904327999733766,-0.694257451957185,-0.701027318340046,-0.6701594119898495,-0.6557068884089101,-0.5210596028927698,-0.839687238570099,-0.6145383380598541,-0.7395652985386001
-0.537887898387357,-0.8073138974229191,-0.7281666337028961,-0.1548909807413021,-0.5245117576065328,-1.0270370450173745,-1.0168472998070173,-0.731422619001788,-0.990445849395954,-0.693863680783756,-0.7010384035277502,-0.6701833524364996,-0.6556393977163734,-0.5212852214905526,-0.8397261596269143,-0.6148316187308925,-0.7395175392388252
-0.5382312001782859,-0.8072465893534618,-0.7254212067485053,-0.1549818742871906,-0.524493464768301,-1.0270069443477952,-1.016821889804198,-0.7313871271375776,-0.9904588755017304,-0.6934690086352876,-0.7010494992541304,-0.6702149533482845,-0.6555738464481491,-0.5215073788778276,-0.8397637778281755,-0.6151049988554564,-0.7394691533022801
-0.538586348294755,-0.8071780749843394,-0.722632376324772,-0.1550982000756216,-0.5244745812444275,-1.0269512460705414,-1.0168004681387972,-0.7313505533639983,-0.9904719418486494,-0.6930736991914379,-0.7010605480230099,-0.6702173982889887,-0.6555079403150377,-0.5217262143687458,-0.8398001755021334,-0.6153643408730229,-0.7394207820984049
-0.5388861957541061,-0.8071095683234407,-0.7197980904552655,-0.1552120785825629,-0.5244551312814687,-1.0268922757993215,-1.0167901815526137,-0.731314863225794,-0.9904849536637682,-0.6926777410742683,-0.7010715945807747,-0.6703275157919781,-0.65544207937669,-0.5219412778082174,-0.8398354518021927,-0.6156152611427765,-0.7393725093589097
-0.5391864791222549,-0.8070396964596125,-0.71691897094432,-0.1553236128287677,-0.5244350713114699,-1.026827594405742,-1.0167805925987845,-0.7313258264914453,-0.9904978417255028,-0.6922812234661562,-0.7010826757456724,-0.6703396939695117,-0.6553747849157452,-0.5221527371524413,-0.8398696977072067,-0.6158586516750537,-0.7393243802120316
-0.5394807493503915,-0.8069691588876491,-0.7145846642405554,-0.1554328555770404,-0.5244143514989166,-1.0267587829905644,-1.016770795766565,-0.7312871017446703,-0.9905106045969344,-0.6918840397540811,-0.7010948015458365,-0.6704528209893883,-0.6553085878542653,-0.5223609737688999,-0.839903023019372,-0.616095299907399,-0.7392763880137291
-0.5397624238219408,-0.8068975979629174,-0.7124126775083361,-0.155539911229743,-0.5243929149201602,-1.0266859642645865,-1.0167594277800038,-0.7312079121377384,-0.9905233812333398,-0.6914864390139013,-0.7011080750735189,-0.6705917436264349,-0.6552423133045587,-0.5225656388907695,-0.8399355024350508,-0.6163258987664191,-0.7392287100530462
-0.5399267483396144,-0.8068261226741725,-0.7101994923236381,-0.1556448133575434,-0.5243707047706757,-1.0266096942190708,-1.0167494044933023,-0.7311730769141225,-0.9905370128948562,-0.6910892415708823,-0.7011216638567876,-0.6704993627350027,-0.6551857451677818,-0.5227737355858197,-0.8399672781932143,-0.6165510541923139,-0.7391812781208401
-0.5400981753060308,-0.8067530754440619,-0.7079459128029681,-0.1557494588251636,-0.524347657346268,-1.0265300296039064,-1.0167419608146964,-0.7311365838863528,-0.9905515965326146,-0.6906925077767792,-0.701138259032861,-0.6704750750120478,-0.655161170070011,-0.5231352562038066,-0.8399984217221172,-0.6167716963011898,-0.7391341864045569
-0.5402740622105531,-0.8066792595389295,-0.7056056175357258,-0.1558536059288491,-0.5243237216739187,-1.0264285755730955,-1.0167329685947135,-0.7311015195543715,-0.9905675984102384,-0.6902955002781194,-0.7011392537430933,-0.6704048372740574,-0.6551354769100175,-0.5234871289795889,-0.8400289607769981,-0.6169920442423977,-0.7390873938493723
-0.5404766260101137,-0.806604341086506,-0.7031222877995108,-0.1559555416299005,-0.5242987714509206,-1.0263235955010237,-1.0167239906301186,-0.7311051017450642,-0.9905865707591422,-0.6898985414306721,-0.7011401822629962,-0.6704279158706514,-0.6551118413319987,-0.5238301968212051,-0.8400588864436728,-0.6172082000074957,-0.739041053850725
-0.5405797325151991,-0.8065295816291862,-0.7005983466847977,-0.156060344613321,-0.5242726597246288,-1.0262152549253754,-1.016715833918991,-0.7310707368615887,-0.9906088317455952,-0.6895016406052088,-0.7011410208263327,-0.6706029340029067,-0.6551008374789185,-0.5241648903175168,-0.840051539217335,-0.6174204622978168,-0.7389951150174606
-0.5406810695561972,-0.8064530333717024,-0.6980349136201722,-0.1561687348908749,-0.5242462003310144,-1.0261034118660572,-1.0167077567553524,-0.7310342209219731,-0.9906150040861512,-0.6891046445475482,-0.701141775400772,-0.6704909443624996,-0.6550912754107692,-0.524491074634436,-0.8400426074371208,-0.6176290644535893,-0.7389495319836424
-0.54076814846227,-0.8063756458477794,-0.6954309532927921,-0.1562331587455953,-0.5242201319062465,-1.0259879582214708,-1.0167003286199774,-0.7309538490695173,-0.990620875983676,-0.688707897434135,-0.7011424034911313,-0.670636099279861,-0.6550810718417964,-0.5248092993642286,-0.8400338100515985,-0.617834152113527,-0.7389137905443153
-0.5408570772768895,-0.8062976453400538,-0.6927864077324061,-0.1562932039390803,-0.5241950850582453,-1.02583319287139,-1.0166932572155427,-0.7309154154613896,-0.9906264624236536,-0.6883113285914002,-0.7011429088599165,-0.6706530347536309,-0.6550759209733517,-0.525119410425306,-0.8400251239792954,-0.6180357306000188,-0.7388749892602035
-0.5409430809912629,-0.8062193647032476,-0.6901015437540746,-0.1563579574927409,-0.5241684757123658,-1.0256425347184277,-1.0166864601993697,-0.7308761957484158,-0.9906317688394818,-0.6879149444170991,-0.7011433253413355,-0.6705800795929423,-0.655069273966151,-0.5254224327790354,-0.8400165646286603,-0.6182333994236676,-0.7388386282015127
-0.5410262547027919,-0.8061393571012216,-0.6873762357139459,-0.1564348126429499,-0.5241422458356,-1.0254477085535674,-1.0166801234075185,-0.7308374108396333,-0.9906367892664832,-0.6875182741761318,-0.701141270829756,-0.6705767258133741,-0.6550627061400182,-0.5257178131709935,-0.8400081485354265,-0.6184264254258702,-0.7387803100570294
-0.5411068988868062,-0.8060582512326755,-0.685226810134133,-0.1565188078050438,-0.5241149385824933,-1.025313664203141,-1.0166735369996591,-0.730846762611609,-0.9906415275777376,-0.6871223272507956,-0.7011411066367021,-0.670611374311618,-0.6550562530946034,-0.5260064638323529,-0.8399998484003939,-0.6185546564956129,-0.7387139777177791
-0.5411846809134218,-0.805976842382879,-0.6834648203740354,-0.1566034664880524,-0.5240869945005119,-1.0252666337389014,-1.0166681284262329,-0.7308065804193159,-0.9906459790369746,-0.6867264251431189,-0.7011408328649505,-0.6705592032123417,-0.6550498811996688,-0.5262883558210125,-0.8399916867138868,-0.6187516678042444,-0.7386467606751964
-0.5412553057158621,-0.8058947555410955,-0.6816758117764932,-0.1566795926327299,-0.5240583545902637,-1.0252221062350046,-1.0166618558231555,-0.7307390878050963,-0.9906501081068854,-0.6863314932658395,-0.701140437820824,-0.670630057699105,-0.6550435636150078,-0.5265636768718689,-0.8399836433221285,-0.61894686544165,-0.7385778808375284
-0.541298583850777,-0.8058113597973617,-0.6798597428884812,-0.1567440341217425,-0.5240306387434883,-1.0251838610896369,-1.01665695665868,-0.7307222673707809,-0.9906556808121836,-0.6859439930070692,-0.7011399113646151,-0.6708095678152803,-0.655037303794339,-0.5268327482825782,-0.8399757360361815,-0.6191403100782387,-0.7385113773581576
-0.5413413332729162,-0.8057266680610443,-0.6780170861702789,-0.156806589376899,-0.5240006823648045,-1.025144112693773,-1.0166512364548272,-0.7307069184393624,-0.9906592118298484,-0.6855725441649778,-0.7011392387995834,-0.6706888584306583,-0.6550310574383953,-0.5270042581876029,-0.8399679617700311,-0.6193320450294573,-0.7384351500708444
-0.5413825659883569,-0.805665324743255,-0.6761485900746507,-0.1568746455151812,-0.5239703314241766,-1.025102879739441,-1.0166470047556966,-0.7307288807264511,-0.9906623813805324,-0.6852228768165559,-0.7011384586759333,-0.6706827845364209,-0.6550443233935425,-0.5271094354304637,-0.8399602904648195,-0.6195187443055005,-0.7383544472463521
-0.5414232518030814,-0.8056540180499985,-0.674256736258867,-0.156944654700151,-0.5239393103819061,-1.025053923392578,-1.0166415876722517,-0.7307112113263546,-0.9906651596967851,-0.684872509432698,-0.7011375818031274,-0.6708705975961549,-0.6550582353283598,-0.527215072693065,-0.8399527146747557,-0.6196651230040261,-0.7382726953958226
-0.5414616330915181,-0.805641858765912,-0.672339717190643,-0.1570191760773837,-0.5239073768865136,-1.0249903069126731,-1.01663768985058,-0.7306434574168819,-0.99066759943669,-0.6845253985644548,-0.7011366321594232,-0.6707071027686436,-0.6550720908402157,-0.5273213601747975,-0.839945282456952,-0.6198115299542486,-0.7381898748966267
-0.541498875959,-0.805630707895687,-0.6703987102234494,-0.1570982388245261,-0.5238744119749479,-1.0249243961487498,-1.016632828301674,-0.7306712266605213,-0.9906739397157224,-0.6841787831833471,-0.7011356237818192,-0.6707201221563989,-0.6550859108485596,-0.5274282634367438,-0.8399380634175839,-0.6199582077477829,-0.7381061833998462
-0.5415352308576289,-0.8056194619207984,-0.6684349802447062,-0.1571835349477528,-0.5238405198145049,-1.0248581341136709,-1.016629762242713,-0.7306502158336773,-0.9906823732457052,-0.6841326418628515,-0.7011345562685313,-0.6707350091957534,-0.6550996473826736,-0.5275355691726437,-0.839930990245424,-0.6201053934976478,-0.7380217332380127
-0.5415711209627069,-0.8056081581580582,-0.666449038286377,-0.1572607235039123,-0.5238058354737343,-1.0247914989336029,-1.0166261838251258,-0.7306257378331977,-0.9906900796226672,-0.6844587494302756,-0.7011334447999495,-0.6709196728898646,-0.6551133241378844,-0.527643692984601,-0.8399240527473048,-0.6202532598586784,-0.7379366477072944
-0.5416195329089938,-0.8055969088158508,-0.6644390408565934,-0.157309315991786,-0.5237704486161039,-1.0247245056071563,-1.0166221077998254,-0.7305604926594009,-0.9906970316268418,-0.6847811446099052,-0.7011323045912984,-0.6709270480410761,-0.655126962775636,-0.5277520941394789,-0.8399172439271994,-0.6204019593500173,-0.737851557736562
-0.5416774402742639,-0.8055848358191244,-0.6624065923180698,-0.1573517147092575,-0.5237355287267178,-1.0246572471187252,-1.0166197881050782,-0.7305383156828399,-0.9907032828291784,-0.6851015223708167,-0.701130287748404,-0.6709375676769616,-0.6551405169297887,-0.5278610370399288,-0.839910559379893,-0.6205516229425776,-0.7377675366324672
-0.5416942256002308,-0.8055737167353151,-0.6603519096690856,-0.157394359724311,-0.5236977509241794,-1.0245897268628013,-1.016616169405443,-0.7305659341223371,-0.990708605057087,-0.6854189030422482,-0.7011282577789164,-0.6709468824280973,-0.6551540123593425,-0.5279703670540192,-0.8399039840170355,-0.620702360265086,-0.7376880383779273
-0.5416878779854744,-0.8055625661945902,-0.6582741035572749,-0.1574259808468002,-0.5236591258608698,-1.0245219948687925,-1.016613927908326,-0.7305472051696708,-0.9907128069269288,-0.6857323148825412,-0.7011262138268719,-0.6709539709714132,-0.6551674663638642,-0.5280803605356439,-0.8398975656670087,-0.620854261346706,-0.7376057352505373
-0.5417025701677181,-0.8055514241799859,-0.6561745477161274,-0.1574457337303545,-0.5236196542171128,-1.0244540389711632,-1.0166119385202053,-0.7305312708179138,-0.9907155055188832,-0.6860434428366505,-0.7011238149664386,-0.6708765536956529,-0.6551808306665496,-0.5281903749155272,-0.8398912232389874,-0.621007398150262,-0.7375038011805327
-0.5417520874792331,-0.805539736866818,-0.6540508829446621,-0.1574655360285375,-0.5235793070671182,-1.0243858693399628,-1.0166102620768107,-0.7304630708372086,-0.990716161435054,-0.6863501174871961,-0.7011211309019935,-0.6707620554181872,-0.6551941385909894,-0.5283011680877923,-0.8398850130799028,-0.6211618308247502,-0.7374004274306796
-0.5417641239320858,-0.80552835402399,-0.6519056875017235,-0.1574844666720252,-0.5235446219820571,-1.0243174969634523,-1.0166071215278527,-0.7304881820854912,-0.990705040085104,-0.6866544002676731,-0.701118412586547,-0.6707157077568465,-0.6552073820051929,-0.5284119784151784,-0.8398788302215257,-0.6213176022203887,-0.7372955762350137
-0.5416452509835246,-0.8055174131704301,-0.6497372928833699,-0.1575032796459973,-0.5235129969643598,-1.024372522801222,-1.0166059993764407,-0.7304640922331683,-0.9907166588382342,-0.6869554818559528,-0.7011156665460344,-0.6706330117030266,-0.6552205699762236,-0.528523431155694,-0.8398728010371951,-0.6214747446797932,-0.7371892907804194
-0.5415914979989278,-0.8055060724576306,-0.6475460706910612,-0.1575223974684289,-0.5234808763361255,-1.024462149293076,-1.016605496406757,-0.7303989341536248,-0.990729769211329,-0.6872521525273892,-0.7011128897228865,-0.6705617634841075,-0.6552336930660978,-0.5286350479448647,-0.8398669278115489,-0.6216332788330303,-0.7370795596988521
-0.5416071658460495,-0.8054939744882169,-0.6453311510285699,-0.1575409418955108,-0.5234482575678872,-1.0245484442099144,-1.016604081274965,-0.7303751396237288,-0.9907442966749198,-0.6875462428446734,-0.7011100816237386,-0.6705776576446291,-0.6552467572647193,-0.5287470180259747,-0.8398613297936828,-0.6217932174613112,-0.7369646335185835
-0.5414556150223205,-0.8054830199482655,-0.6430931731346241,-0.1575589493307677,-0.5234151340542856,-1.024631507837435,-1.0166033536710284,-0.7304050747599806,-0.990758406722971,-0.8277915205268197,-0.7011072455048415,-0.670586326501885,-0.6552597685971396,-0.52885921031083,-0.839855876534598,-0.6219545592733804,-0.7368437905787022
-0.5414195749791189,-0.8054722341173314,-0.6408297546391422,-0.1575766602070896,-0.5233815268466337,-1.024711486395614,-1.016603288782583,-0.7303309136556038,-0.9907722504872196,-0.8296743159404694,-0.7011043753334387,-0.6703034905632016,-0.6552727174906642,-0.5289718369961014,-0.8398507834480029,-0.6221172979986924,-0.7367161748088804
-0.541383986979125,-0.8054608682441922,-0.6385426820040323,-0.1575943486215527,-0.5233474325403372,-1.0247885925747595,-1.0166015240827888,-0.7303099144246438,-0.9907860383492731,-0.8320347528694783,-0.7011014717278978,-0.6702926298499047,-0.6552856098906361,-0.5290844235509319,-0.8398464944276214,-0.622281413506693,-0.7365869859645227
-0.5413500042992325,-0.8054493701245772,-0.6362308359134341,-0.1576118238853601,-0.5233128215508412,-1.024863175895243,-1.0166006968625774,-0.7302907541176846,-0.9908003970280624,-0.8320417485258055,-0.7010985255718554,-0.670419672016893,-0.655298449467882,-0.5291974505277102,-0.8398421461720129,-0.6224468826435947,-0.7364562451157964
-0.5413363113312258,-0.8054377910018541,-0.6338953124699708,-0.1576289157340104,-0.5232826616041065,-1.0249359388983703,-1.0166026661735827,-0.7303160960270617,-0.9908299912468688,-0.832056327828894,-0.7010955288136043,-0.670207101291709,-0.6553112289268014,-0.5293104436226861,-0.8398378779849341,-0.6226136693574496,-0.7363239084178544
-0.5413232027380969,-0.8054271051810249,-0.631533347657969,-0.1576455677340307,-0.5232535619580062,-1.025008666684844,-1.0166016630744437,-0.7302472384020092,-0.9908423420497472,-0.8320627619761529,-0.7010932319736483,-0.6701857071138682,-0.6553239533522734,-0.5294237612887375,-0.8398336501628538,-0.6227817314544052,-0.7361899100803163
-0.5413102881999825,-0.8054155732505721,-0.6291445715407394,-0.157661770444144,-0.5232241197186908,-1.0250911444131492,-1.0166023160498665,-0.7302205303796339,-0.9908258640838454,-0.8320768758059074,-0.7010902129846811,-0.6701542794059044,-0.6553319381688836,-0.5295373044399299,-0.8398342401025776,-0.6229510135823737,-0.7360541291734239
-0.5412977587055874,-0.8054037447564195,-0.6267310488701535,-0.1576774921485235,-0.5231943095400406,-1.0252473081676867,-1.0166060985226786,-0.7301967034270422,-0.9908316658162674,-0.832088854819834,-0.7010910571953601,-0.6701519344212377,-0.6553363298561656,-0.5296509527455748,-0.8398412447332756,-0.6231214519404389,-0.7359165691476665
-0.5412854971020006,-0.8053928273404363,-0.6242906265231215,-0.1576930879880035,-0.5231641282323087,-1.0252823284417474,-1.016604688301589,-0.7302235073336136,-0.9908370751949452,-0.832097101629895,-0.7010926837840882,-0.6701822931799516,-0.6553406827289938,-0.5297647226590037,-0.8398482722746428,-0.6232929628530076,-0.7357794241410501
-0.5412734775636643,-0.805382119712806,-0.6218229071095226,-0.1577128126665397,-0.5231336299658518,-1.0253252741402306,-1.0166049159856247,-0.7301518176293623,-0.9908420984035132,-0.8321144381604648,-0.7010942758725742,-0.6702448957087804,-0.6553450172472342,-0.5298785372741917,-0.8398553407188354,-0.6234654468872382,-0.735645732795701
-0.5412618253447664,-0.8053707463250899,-0.6193297534013997,-0.1577331286770081,-0.5231027916137606,-1.0253644525873913,-1.0166083569344233,-0.7301331325575887,-0.9908467500333528,-0.8321225148482403,-0.7010959345450022,-0.6702351954697352,-0.6553492900441376,-0.529992495754842,-0.8398623692529605,-0.6236392383317054,-0.7355107386210944
-0.5412436082546008,-0.805359327418028,-0.6168051582876213,-0.1577531058602861,-0.523071615090257,-1.0253998045739547,-1.016609847054038,-0.7301562465846249,-0.9908528166724028,-0.8321360665445756,-0.7010974674933961,-0.6702670584731224,-0.6553535261367782,-0.5301064480320593,-0.8398675261133679,-0.6238142221722873,-0.7353744557820104
-0.5412349091892811,-0.8053478074764069,-0.6142537570924362,-0.15777307852354,-0.5230400986439905,-1.025431056538301,-1.0166086254054902,-0.7301361811543055,-0.990857285520456,-0.8321527007519214,-0.7010991786179204,-0.6702560205924649,-0.655357754666886,-0.5302205102921025,-0.839871839568511,-0.6239902730989735,-0.7355022209509123
-0.5412239469669743,-0.8053372420039053,-0.6116732811944984,-0.1577663744610445,-0.5230082482616584,-1.0254704704033009,-1.0166131984684277,-0.7300599202651081,-0.9908614247797354,-0.8321625181597325,-0.7011008775597879,-0.6702580836524674,-0.6553619230888261,-0.5303345424988597,-0.8398767027899636,-0.6241673303548518,-0.7357819793652444
-0.5412132708547428,-0.8053258761070271,-0.6090629690865214,-0.1577665533189746,-0.522976069358302,-1.0255290525588414,-1.016616780672727,-0.7300897511648109,-0.9908652396673504,-0.8321767608982972,-0.7011022968573795,-0.670256765374073,-0.6553660816109249,-0.5304487667264202,-0.839881582870332,-0.6243453254006532,-0.7360043648700787
-0.5412028619812042,-0.8053139970433174,-0.6064236669405839,-0.1577663354280527,-0.5229435127283251,-1.0255860933217604,-1.0166148694279953,-0.7300629075977049,-0.9908687317505396,-0.8321937339578055,-0.7011037235879092,-0.670234383340353,-0.6553701938373672,-0.5305628878542389,-0.8398865199214894,-0.6245241935878258,-0.7362231880175065
-0.5411927705378383,-0.8053032274179948,-0.6037535572385372,-0.1577665523978186,-0.5229105955752689,-1.025641645839293,-1.0166199300478953,-0.7299895891833659,-0.9908719146635784,-0.832204984108252,-0.7011050694274601,-0.6702036443457715,-0.6553742916972574,-0.5306768717757373,-0.8398922417992873,-0.6247038591553873,-0.7364070076469309
-0.5411829345482121,-0.8052926722528001,-0.6010511492849153,-0.1577675304965045,-0.5228773383027654,-1.0256957663032291,-1.016626845060634,-0.7299627073298752,-0.990874762413587,-0.8322195882402653,-0.7011065620758989,-0.6701847072598407,-0.6553783605924863,-0.5307911691718303,-0.8398984761663553,-0.6248842461769282,-0.7365449200797196
-0.5411733764567516,-0.8052814070537175,-0.5983180217675063,-0.1577723570090415,-0.5228436629686168,-1.0257484682375977,-1.0166245960208276,-0.7299927960212547,-0.9908749567264196,-0.8322368921303127,-0.7011079626103304,-0.6701618926521798,-0.6553621111464023,-0.5309051581918123,-0.8399048255320638,-0.6250655475644511,-0.7366851704395877
-0.5411641251908395,-0.8052699441342039,-0.5955536473951896,-0.1577765462786933,-0.5228095344737289,-1.0257997672815833,-1.0166297533819788,-0.7299723765517132,-0.9908631853596704,-0.8322511789615394,-0.7011131936710593,-0.6701416962178648,-0.655367413939565,-0.5310193237660703,-0.8399113432578972,-0.6252476764205481,-0.7368271526531931
-0.5411551009979407,-0.8052587838643287,-0.5927563141932276,-0.1577800442190903,-0.5227749192265163,-1.0258497078529814,-1.016637327084829,-0.7298959446174608,-0.9908546178489146,-0.8322642903870141,-0.7011146106970267,-0.6701180777889809,-0.655372177145982,-0.5311330700661843,-0.8399180033416002,-0.6254305328396719,-0.73697131484216
-0.5411460767334451,-0.8052479988398747,-0.5899253142105901,-0.1577828779570445,-0.522740560074763,-1.0258982778173658,-1.016635128400757,-0.7299228822454913,-0.990846736417552,-0.8322818716221188,-0.7011160507345215,-0.6700834147143426,-0.655377571607717,-0.5312471226441089,-0.8399247188332224,-0.6256139804212666,-0.7367339808112172
-0.541128889532984,-0.8052368619703806,-0.5870587053309355,-0.1577849028304115,-0.5227057704841979,-1.0259455395981836,-1.0166450710611754,-0.7298955133571379,-0.99083913513271,-0.832297138307959,-0.7011149440188815,-0.6700122797062151,-0.6553830147579464,-0.5313608134245992,-0.8399316280032674,-0.6257981412424484,-0.736931154487366
-0.5411312770102412,-0.805225101416907,-0.5841612444170685,-0.1577865554916914,-0.5226705137553573,-1.0259914838665591,-1.0166739633722963,-0.7298238833164454,-0.990830958717338,-0.8323108025439805,-0.701113833264716,-0.6700137649965212,-0.6553879493440389,-0.5314744630220793,-0.8399386891879258,-0.6259829524169023,-0.7371287885279049
-0.5411361518215225,-0.8052143886791214,-0.5812271329649563,-0.1577913183382497,-0.5226346926084452,-1.026036152978728,-1.016656859635944,-0.7297971989885816,-0.990834119769048,-0.8323285054942333,-0.7011126236533017,-0.6699641864344198,-0.6553929522797243,-0.5315880749677824,-0.8399458481732875,-0.6261682758733648,-0.7373278470163485
-0.5411415947412677,-0.8052035582601815,-0.5782570718663367,-0.1578091703935341,-0.5225980998173331,-1.0260795437670058,-1.0166543339816647,-0.7297729539775994,-0.9908500156462092,-0.8323444977897493,-0.7011115137191278,-0.6698962191647573,-0.6553985433823318,-0.5317014750963696,-0.8399531113174339,-0.6263541491689668,-0.7375297785743432
-0.5411471278825816,-0.8051927076301764,-0.5752526795561144,-0.1578266765869836,-0.5225951266935404,-1.0261216960982935,-1.0166768627842977,-0.7297505380827245,-0.9908675155086348,-0.8323585446861965,-0.7011101232174644,-0.6697027857170925,-0.6554036819856567,-0.5318147108209963,-0.839960640599031,-0.6265410775044371,-0.7377378368331654
-0.5411527411539632,-0.8051811699728532,-0.5722100633201885,-0.157843969574163,-0.5225294935435574,-1.0261625959242655,-1.0166448996511792,-0.7297307898197791,-0.9908841026760667,-0.832376733163845,-0.7011087749079669,-0.6698071492954095,-0.6554088922908485,-0.5319278283508819,-0.8399679536944415,-0.6267285897326628,-0.73796608624332
-0.5411582828446135,-0.8051703605801237,-0.5691296812086417,-0.1578612560378324,-0.5224930351210569,-1.0262022900522845,-1.0166547855874846,-0.729757891675667,-0.99088373141879,-0.8323911130296346,-0.7011073683322309,-0.6697514295126428,-0.6554141883089699,-0.5320408939591734,-0.8399755012859217,-0.626916644136167,-0.7383121967626256
-0.5411638034252337,-0.8051592264063674,-0.5660115055749229,-0.1578783177199098,-0.522471768463715,-1.026240768132009,-1.016660430995016,-0.7296796914283111,-0.99088330139478,-0.8324093268903233,-0.7011059073328727,-0.6695418916675855,-0.6554204951434632,-0.5321537698792389,-0.8399831206389843,-0.6271051972577986,-0.7384748496649476
-0.5411693801510601,-0.8051482173001154,-0.562855240507601,-0.1578951333342015,-0.5224506348211013,-1.0262780723116778,-1.0166653893337398,-0.7296529602025361,-0.9908828028997434,-0.8324259202505402,-0.7011044350981713,-0.6696318951997312,-0.6554277350123553,-0.5322664626211793,-0.8399909615967424,-0.6272942026466825,-0.7384821692089926
-0.5411749773167169,-0.8051367548261904,-0.5596571109970652,-0.1579116233464094,-0.522429653697163,-1.026314169383507,-1.017187888376558,-0.729683956024737,-0.9908822319008465,-0.8324407489304548,-0.7011028565302688,-0.669636015078214,-0.6554349969047595,-0.5323789652506514,-0.839999046256254,-0.6274836212087205,-0.7384896821036773
-0.5411807951968715,-0.8051263795479737,-0.5564215363438894,-0.1579278113692355,-0.5224088435767494,-1.0263491259635908,-1.017187609445665,-0.729603537356833,-0.9908816182666144,-0.8324592919407582,-0.7011012199002347,-0.6696183670925724,-0.6554422622248708,-0.5324912127739949,-0.8400072564643409,-0.6276734088730878,-0.7384975000932721
-0.5411868467626967,-0.8051142009124854,-0.5531445547326477,-0.1579437017366411,-0.5223881531070979,-1.0263829232621635,-1.0171879812193851,-0.7295830613997236,-0.9908811506242874,-0.8324762727661266,-0.7010993788766333,-0.6695577089010405,-0.6554495489224019,-0.5326035140527673,-0.8400151623084902,-0.6278635233726784,-0.7385054561628313
-0.5411936444620336,-0.805103550535561,-0.549825586921175,-0.1579592971660521,-0.5223675732689955,-1.0264156176659005,-1.017209851457809,-0.7296120798813773,-0.990878262173229,-0.8324932053689341,-0.7010976135479201,-0.6696200919624664,-0.6554568436445429,-0.5327153648540498,-0.840023427208112,-0.6280539311624163,-0.7385135211014815
-0.5412001162275983,-0.805092933754111,-0.546462979501122,-0.157974603700228,-0.5223471129293669,-1.0264472572804115,-1.016699667363628,-0.7295904174900653,-0.9908783315981292,-0.8325101640921526,-0.7010957867180118,-0.6695328603615193,-0.655464168340549,-0.5328238281366904,-0.8400319549168651,-0.6282445922384532,-0.7385216183146138
-0.5412066366294292,-0.8050825273921779,-0.5430600834969922,-0.1579896257223945,-0.5223268055027975,-1.026477816653628,-1.016708039373293,-0.7295666844877025,-0.9908783424966042,-0.8325257824985284,-0.7010852851256943,-0.6696238765897862,-0.6554712525671211,-0.532890108276561,-0.8400405102463294,-0.6284354609757079,-0.7385297143537566
-0.5412132423584712,-0.8050714565642931,-0.5392130951615336,-0.1580043841632301,-0.5223066240070243,-1.026507277848448,-1.0167062517542127,-0.7295396237506149,-0.99087828953425,-0.8325447484192721,-0.7010838561218492,-0.6695460134077529,-0.655478197470748,-0.5329570382397115,-0.8400498214684211,-0.628626501832272,-0.7385377174544577
-0.5412198985311928,-0.8050601594809909,-0.5352744255000497,-0.1580188460911307,-0.5222866746986528,-1.0265356851474576,-1.0172244660303782,-0.7295106648254489,-0.9908781993640008,-0.8325622286679234,-0.7010821362133515,-0.6694091537906603,-0.6554851324544069,-0.5330238709456053,-0.8400605048690488,-0.6288176802723322,-0.7385458466075489
-0.5412266012476078,-0.8050491713875492,-0.5312956476915379,-0.1580335680124165,-0.5222668739102518,-1.026562583451785,-1.0172275980087522,-0.7294310321983424,-0.9908782174869326,-0.8325797538775968,-0.7010801447718616,-0.6695305289514163,-0.65549221939854,-0.53309125008,-0.8400717950241707,-0.6290089599037557,-0.7385541373344122
-0.5412334021569442,-0.8050384811407645,-0.527271011596672,-0.1580568613146752,-0.5222473382021937,-1.0265828791910772,-1.0172293315860816,-0.7294634289229849,-0.9908780299626162,-0.8325975263058426,-0.7010778317737305,-0.6695280457465775,-0.6554991395295684,-0.5331588204526743,-0.8400805947636328,-0.6292003033106426,-0.7385626416998419
-0.5412402535311676,-0.8050276037008366,-0.523198200198465,-0.1580798833113096,-0.5222280170108144,-1.0265904949734188,-1.017240520912834,-0.7294403571486132,-0.9908770682041272,-0.8326151963489895,-0.7010756377920997,-0.6693762581801171,-0.6555062171927653,-0.5332266534888653,-0.8400986822701693,-0.6293916996696727,-0.7385713257406301
-0.5412471164091512,-0.805016081990907,-0.5190794317931002,-0.158102537122918,-0.5222089798812355,-1.0265972772477965,-1.0172290474870511,-0.7293575400287652,-0.9908761887906308,-0.8326327784425362,-0.701073255430413,-0.6695027206581143,-0.6555131339970551,-0.5332946144968671,-0.8401058719104295,-0.6295831644729535,-0.7385799407181561
-0.5412542356330095,-0.8050054774848399,-0.5149092527419514,-0.1581248299064548,-0.522190046505955,-1.0266032004987529,-1.0172192440764332,-0.7293891948716297,-0.9908752832828044,-0.8326508932031818,-0.701070643058202,-0.669343766294645,-0.6555202121054416,-0.5333629383940314,-0.8401154363648073,-0.6297745960686685,-0.7385886830821411
-0.5412605246904999,-0.8049948860699011,-0.5106870323025119,-0.1581467710284557,-0.5221712254727379,-1.02660833514345,-1.0172202034863846,-0.7293593049135547,-0.9908743643084236,-0.8326687921837432,-0.7010680471562372,-0.6694918206237741,-0.6555271016251705,-0.533431341623287,-0.8401249416856673,-0.6299659578837609,-0.7385973498447748
