0,1,2,3,4,5,6,7,8,9,10,11,12,13,14,15,16,17,18,19
-0.4186972256870515,-0.477383578038742,-0.5611383226746686,0.2166474306508146,-0.2046512024413927,-0.7663701014481427,-0.880271069664329,-0.3233461070228523,-0.7146134354778602,-0.3867103913240318,-0.3935347261962693,-0.4992100024946507,-0.3641550863025948,-0.2043787637506329,-0.5638799610943754,-0.4201330503210247,-0.399340729240676,-0.4332324651177265,-0.6665833513253328,-0.7562356513343997
-0.4621612099425086,-0.6085505108348945,-0.0633588534346536,0.0386064001697221,0.2252644581988473,-0.8593493873160511,-0.92629858591791,-0.5399444582068665,-0.8423508797152003,0.1512671898205817,-0.154273562610104,-0.1060467525547565,-0.477767816196396,0.2527812993184838,-0.6696540028490762,-0.5146916457478037,-0.5372148842490702,-0.4957100667856153,-0.6887756794061028,-0.9326324727021797
-0.4803337960789801,-0.6723015353459154,0.8000163415818211,-0.0245002172149329,0.2958753916226076,-0.9160461784488144,-0.9436425961266004,-0.5905921428328859,-0.8915884757016256,-0.0165944334655459,0.7294521390951766,0.722556090227499,-0.5241929402044774,-0.1188624393655608,-0.7273075384378369,-0.5850457220428629,-0.6021062326335695,0.0035337562904285,0.1850985829346369,-0.9573965211959617
-0.4880427349489561,-0.7104269653449224,0.8000463398632005,-0.055470948311094,0.9905636314048468,-0.9429653145510876,-0.960577593751746,-0.6105915498816048,-0.9162534487152152,0.1161360435478553,0.7294760966079499,0.7233778754481575,-0.5408387231097065,-0.2735448449056101,-0.7582528363022567,-0.5968231171014012,-0.641385945594681,0.6953684152959926,0.6662832122910878,-0.9713888056176548
-0.4965109475109474,-0.7319212005579836,0.800066810130746,-0.0743166259917541,1.0851503847849,-0.956393516264454,-0.9706713464505488,-0.621604053972667,-0.9381506903958284,0.8484471622076359,0.7294836892613734,0.7227158002720123,-0.5526573325125569,-0.3211307558685354,-0.7775476309568753,-0.6123858032431044,-0.664964455906313,0.6954067640177517,0.197248297519516,-0.9789897505431652
-0.503945109621615,-0.7498068975836908,0.8000577508881175,-0.0871299820859654,1.0850922555176958,-0.9673947162284378,-0.9784283926762412,-0.6245693996501063,-0.9535750395514724,1.0005142055440328,0.7295484558889559,0.7210938082133242,-0.559722267873412,-0.3433663113794726,-0.7927232544289422,-0.6225551577939338,-0.677322332305742,-0.3940271881034408,0.3574668208471109,-0.9834869082376706
-0.5101912801347719,-0.764659121881974,0.8000561401752317,-0.0961951004193306,1.085113644679296,-0.9747676724942862,-0.983227047095062,-0.6209594579910853,-0.9624009805912376,1.0005339769006043,0.1371836430872487,0.1465631394962581,-0.5640366074249418,-0.3569693363756699,-0.8043097910790744,-0.6294716085318253,-0.6904403775053602,-0.5910308863623658,0.6974395701703939,-0.9873819538321913
-0.5171599304232027,-0.7762874334733973,0.8000498792165974,-0.1031193870307229,1.0851368709500009,-0.9802767257418136,-0.9870543581741896,-0.6119246299812582,-0.9687802879494928,1.000589312528302,-0.322688418232039,-0.1746847922894914,-0.5666221774336603,-0.3640841510431132,-0.8128655911309142,-0.6345874272499284,-0.701121997508993,-0.6217242683851623,0.6523295198190265,-0.9902182239443433
-0.5222077686885233,-0.7854875678551668,0.8000574936054454,-0.1085016876557167,0.8431620840963154,-0.9846600444691584,-0.9902450575266856,-0.5996219976445489,-0.9723686968828662,1.0005703302189757,-0.3956191615226646,-0.189258901816666,-0.5680533850344284,-0.3662680940045079,-0.8173102567410144,-0.6386625783492061,-0.7087412045537044,-0.6557061372230634,0.6453584584813467,-0.99254727740001
-0.5259146777402656,-0.7929802235183993,0.8000373452611476,-0.1121073983603333,0.3994130776607315,-0.9874467766194776,-0.9941525233930496,-0.5783743945459744,-0.9748058892171456,1.0005799924716867,-0.4251052090668393,0.0457318072920434,-0.568330278322142,-0.3650536869466628,-0.8211389922636154,-0.6400568896640726,-0.7140557299697372,-0.6761790066498647,0.2886465259378717,-0.9908955758760033
-0.5286313558497195,-0.7983017304635422,0.800047562603311,-0.114612358086789,0.0620731006864869,-0.9897328711491188,-0.9967843516838696,-0.53532719694055,-0.9765564839306548,1.000603367731829,-0.4222253910891259,0.4590280954908731,-0.5681355493859123,-0.3606570322991013,-0.8222023357402461,-0.6397330276076134,-0.7184600605887452,-0.6822888065238235,0.2179391823196566,-0.9890891266882884
-0.531669933939944,-0.8010945512245146,0.8000845728370803,-0.1167496253878556,-0.0648492100669831,-0.9918088203361176,-0.9988615533813964,-0.4415820232248008,-0.9780628472690172,1.0005464759210003,-0.3872121067766073,0.7054261236604111,-0.5676613712936944,-0.3517008326107154,-0.8235144165079943,-0.6407130494179788,-0.7218763094084706,-0.6887667466362885,-0.0189601315972525,-0.9870781933506247
-0.5340231120333573,-0.8033135284097355,0.789739634497633,-0.1186336132584868,-0.0929906968960479,-0.9897980286611434,-1.0003768916026754,-0.1999172249902635,-0.9799295384748822,1.0005772769551189,-0.195223322683421,0.7217767755833828,-0.5669993521006677,-0.3386164505625483,-0.8254111438398143,-0.6425474202600266,-0.7252036120417529,-0.6946818047888674,-0.243085639174649,-0.9848726549360555
-0.5358545860725268,-0.8049934164296765,0.5923246241840203,-0.1203414847825639,-0.0543075385086457,-0.986021990706961,-1.00162157225558,0.4622398434565233,-0.981514006311208,1.0005882770496568,0.519262351488733,0.7222701827510039,-0.5661898710839194,-0.3202445494881264,-0.8270716074742335,-0.6441958150185763,-0.7260217692256464,-0.6980679381365185,-0.4544902294763241,-0.9824616125109168
-0.5373330998364095,-0.8064551096429184,0.0493057301046492,-0.1219028872308263,0.0830016466974495,-0.9819080704756528,-1.0025991108919785,0.987525766817308,-0.9827468091332344,1.0005678691872757,0.658429150751733,0.7216117739108786,-0.5653763528001206,-0.2939222726547386,-0.8285131063319022,-0.646553868620333,-0.7235509901187882,-0.7006179542548168,-0.7144596013067969,-0.9798403617440841
-0.5385349990703621,-0.807665205859444,-0.2945847689352833,-0.1233710390923721,0.3920398968762441,-0.9771818983246678,-1.003361382454883,1.0183918785050972,-0.9825350433105454,1.0005969431535775,0.7232984481371052,0.7208397760839828,-0.5646382671108184,-0.2463209531180942,-0.8298757760345252,-0.6488640378049181,-0.7206064382369826,-0.7029070444983694,-0.7642360144399872,-0.9773608474112161
-0.5395650520317918,-0.8086388439425491,-0.4138660573469699,-0.1247673185066069,0.8720079058916838,-0.9718657106373028,-1.0043617272384096,1.019346157294507,-0.9822190289730652,1.0005427684520505,0.729547664632131,0.6557665817139859,-0.5640918396865409,-0.1722917056349336,-0.831145728782434,-0.6506351063345841,-0.7172889208195982,-0.705007075663542,-0.7636125423565223,-0.9748601516077647
-0.5403810529160379,-0.8094407556785794,-0.4263454344706555,-0.1260397989058405,0.943745824983806,-0.9669043535757812,-1.0050700706895133,0.0254492729728681,-0.9819029683868924,1.000551287944599,0.7269195219039346,0.3700913295948779,-0.5639520687271533,-0.0499260002550368,-0.8322988262179167,-0.6520509934946268,-0.7136818591613308,-0.7069810844014268,-0.7803858172425853,-0.9722606072665958
-0.5409432693446019,-0.8096135128336404,-0.3383299151832109,-0.1271616839357127,0.912715138290095,-0.9618816961237052,-1.0051073883368324,-0.4896406892473158,-0.9816126400784174,1.000562803635283,-0.0913861668797684,-0.1736912683716771,-0.5643449175318482,0.256719206583632,-0.8334954688897012,-0.6532806987645278,-0.710808740669653,-0.7088764274570869,-0.7815168718147586,-0.9695800705413994
-0.5412507755575708,-0.8096885869169508,-0.0555921882099078,-0.1282740464517209,0.9482888837309436,-0.9587098800942876,-1.0044662617278863,-0.6150056853066885,-0.981342304402761,0.9973873473414075,-0.4722708288241908,-0.3668841797933079,-0.5653005065988977,0.6966647319332937,-0.8344204134186011,-0.654382618007897,-0.708496884553223,-0.7111268462280375,-0.7833523589190702,-0.9668377297397732
-0.5415180652571114,-0.809758624770468,0.3889391485814282,-0.1293824141362143,1.0321130399613774,-0.9566764028219212,-1.0037614787119389,-0.6738047352413012,-0.9810866389038168,0.9798749756965228,-0.5712729809420766,-0.3847911690028746,-0.5668904069896785,0.6707962864089463,-0.8350491399931379,-0.6553584366125189,-0.7068026488694219,-0.7136409057911368,-0.7838034370649078,-0.9640469381225388
-0.5415906099970315,-0.8098602508303756,0.5695616931873221,-0.1304826091414513,1.0258190825061198,-0.9559953255798472,-1.0030100543451517,-0.7053685666037574,-0.9808365604705932,0.9478727830736416,-0.6222752619127354,-0.3139881305612549,-0.5690960541303249,0.6797820903952481,-0.8356175770947918,-0.6557743355389114,-0.7052644263789866,-0.7137832106809137,-0.7840744717552048,-0.9612450538408174
-0.5416236524636628,-0.8099814713858222,0.5695831941453584,-0.1315898685646685,0.5201330801360224,-0.9560863824366482,-1.0022071266776362,-0.7255957751095042,-0.9806033379194086,0.7712836556485357,-0.6630792315651505,0.1465359664843254,-0.5718101141670281,0.2133182989164252,-0.8360655607143478,-0.6558917940540747,-0.7039158913339588,-0.713954325061039,-0.7843809976713656,-0.9584645466097024
-0.541649896002205,-0.8101168116092883,0.1479540662022719,-0.1327036053295127,-0.2965043695091775,-0.9561439461771208,-1.001348609083237,-0.7378866188037521,-0.9804029316271852,0.3049936621615959,-0.6856335409942228,0.4571525936964821,-0.5749413799824047,-0.0580380580554701,-0.8364926259577696,-0.6560171829771753,-0.7028016713535702,-0.7141161167534367,-0.7847080308494988,-0.9557404243021216
-0.5417013693209796,-0.810260673681191,-0.674179263593932,-0.1338286115984175,-0.5057525887234322,-0.9561501937415618,-1.000440021414299,-0.7462870518865989,-0.9801967209143884,0.0882543653315722,-0.6945202659260518,0.664583042513603,-0.5784576074135012,-0.1703139046514696,-0.8369558215823908,-0.6561220065420945,-0.7020724214700117,-0.7142836513313374,-0.7850494116316565,-0.9531165783169102
-0.5417644993395869,-0.8104104470720813,-0.7411362566421094,-0.1349702246178321,-0.5364548492831497,-0.9560900934796872,-0.9994950505249912,-0.7530662218033141,-0.979991876287037,-0.7391989394412338,-0.6995167068898606,0.676759107867477,-0.5822034478515679,-0.2578365359252017,-0.8374377312907011,-0.6561908261352862,-0.701566604892151,-0.7144421892710995,-0.7854087978941467,-0.9506434908970995
-0.5418287576708029,-0.810562528192641,-0.7599594903819982,-0.1361458664100268,-0.5337188852995594,-0.9559665963902442,-0.9986855529132084,-0.7585074623598025,-0.9798010446792168,-0.776336710940327,-0.7011428191920864,0.3949707308879318,-0.5871802641122492,-0.3257496880514225,-0.8378823127590451,-0.65621507359364,-0.7013002513561963,-0.7146026135291921,-0.7857747558837331,-0.9486601846392322
-0.5418801370102656,-0.8107160455244223,-0.7841782995177343,-0.1373095183418598,-0.5322241427672908,-0.955788068328932,-0.9979209013994284,-0.7624878728522174,-0.9796412260117618,-0.8081995504954236,-0.7000176322432179,-0.4732976644375998,-0.5934510441440066,-0.3704723923958043,-0.838297419803902,-0.6561928781968301,-0.7012903745032963,-0.714759387696594,-0.7861503499706614,-0.9469811589673662
-0.5419111519743997,-0.8108699078091824,-0.7917783477533478,-0.1383450584978496,-0.5207650519965824,-0.9555748392445216,-0.9973456790091944,-0.7653999042931801,-0.9795307271340612,-0.8246198930113591,-0.7000037264851823,-0.6042715239326376,-0.5996284993910062,-0.3997624152159497,-0.8386947114383434,-0.6561287177790148,-0.7015491194193324,-0.7149666722778715,-0.7865246687388975,-0.9455805320069732
-0.5419196733762066,-0.8110225749381801,-0.7922731725148907,-0.1393586032768026,-0.521094975168915,-0.9553609957455504,-0.996872867483454,-0.768122173502116,-0.9794845888938576,-0.8273201525060057,-0.7030723865338263,-0.6551177532789785,-0.6055128118098938,-0.4224502311602424,-0.8390708815185592,-0.6560338933370902,-0.7020771704705189,-0.715160960024405,-0.7868942253857213,-0.9445044653802016
-0.5419080190770111,-0.8111726380359905,-0.7926797786608424,-0.1403384576820074,-0.5213897276105108,-0.9551745417199722,-0.996546980625577,-0.7683476186748294,-0.9795116048112684,-0.8287596966068282,-0.7034929465897204,-0.6793967491643443,-0.6107750161349826,-0.4429962565967401,-0.8394294765667276,-0.65592468723496,-0.702859004231793,-0.7153456092913224,-0.7872610035340976,-0.9437874299490765
-0.5418845360810369,-0.8113170854916749,-0.793014893800237,-0.1411683704818191,-0.521657459162222,-0.9550397426055324,-0.9963850608550112,-0.7682787684913098,-0.9796100847518228,-0.8287809838091078,-0.70290192805967,-0.6798276720738363,-0.615256291170554,-0.466518855006939,-0.8397728022440706,-0.6558182286792535,-0.7040200456447484,-0.7155157537366054,-0.7876207387747466,-0.9434374440735146
-0.5418607276633588,-0.8114517437302148,-0.7932996932979756,-0.1419362963378683,-0.5218905535824007,-0.9549683080176516,-0.9963196796002836,-0.7682199091485826,-0.979768193440709,-0.8287745164728347,-0.7023865788568032,-0.6762973264706663,-0.6193498997997117,-0.4788455309252254,-0.8401024342061525,-0.6557323851787021,-0.7053920819325336,-0.7156746676944541,-0.7879688358510029,-0.9434570735939463
-0.5418466729143565,-0.8115712138888366,-0.7935345118163453,-0.142740085995741,-0.5220961488103225,-0.9549549676990392,-0.996321938621928,-0.7681713125959874,-0.9799664513230818,-0.8287521965300302,-0.701723467420291,-0.6717320885442304,-0.6231660992877913,-0.4875445357301358,-0.8404005650003168,-0.655676634574123,-0.7068526883365857,-0.715819217937965,-0.7883041481382963,-0.9438243002486871
-0.5418479141888932,-0.8116710023840368,-0.7937452487478919,-0.1433454783460717,-0.5222774648422284,-0.9549873804725668,-0.996360101711406,-0.7681899680890589,-0.9801819078737536,-0.828699884386318,-0.7014422229931843,-0.6689284747865863,-0.6270748185885859,-0.4928401099477568,-0.8406740663399773,-0.6556531920904515,-0.7083121925160839,-0.7159403808988125,-0.7886245659458168,-0.9444875509588287
-0.5418634246968923,-0.8117473934433134,-0.7939354184333449,-0.1439060975279924,-0.522433716633647,-0.9550381586492436,-0.9964048557172284,-0.768239483792297,-0.9803936018178052,-0.8286332286964477,-0.7014693597715891,-0.6688368308938599,-0.6303928866724441,-0.4978963948541633,-0.8409374406870984,-0.6556543357537536,-0.7096947430256806,-0.7160468699042905,-0.7889376979588014,-0.9453844574366613
-0.5418858280671673,-0.8118000850438907,-0.794104962902699,-0.1444099957727821,-0.5225607288471664,-0.955067771498921,-0.9964361507409614,-0.7683245468084203,-0.9805865527510144,-0.8285291157754188,-0.7015689395679734,-0.6690142370253492,-0.633214808674342,-0.5031491490788553,-0.8412099237034445,-0.6556643320561542,-0.710945906523399,-0.7161412318579472,-0.7892341591333276,-0.9518245736828355
-0.5419045601744037,-0.8118327587911827,-0.7942568135158752,-0.1446375975412454,-0.5226719397681979,-0.9550502136906917,-0.9964474308303708,-0.7684406260720456,-0.9807538618424058,-0.8284064586418107,-0.7015589372469858,-0.6691449398865073,-0.6359774021110416,-0.516657579006347,-0.8414531436210992,-0.6556638289565673,-0.7120331983309702,-0.7162164759961298,-0.7895110356542715,-0.9586648321291488
-0.5419103224569504,-0.8118529570228702,-0.7943868399016638,-0.1448465889810384,-0.5227606807931625,-0.9549600011556728,-0.9964446221671406,-0.7685915673686392,-0.980897520570886,-0.8282500092716397,-0.7015020480403377,-0.6693154493987834,-0.6385718607112,-0.5191930936664784,-0.8416867681023849,-0.6556365096648079,-0.7129444054221822,-0.716277326305992,-0.789773430773405,-0.96510205067804
-0.541898756895498,-0.811871230344616,-0.79450380154781,-0.1450738048388041,-0.5228312255913112,-0.9547910324544076,-0.9964410291901018,-0.7687834819894458,-0.9810255928825752,-0.8280707976297711,-0.7013950835759161,-0.6695518906707523,-0.6409452071546208,-0.5191969041976371,-0.841912159947076,-0.6555740233041056,-0.7136826823125675,-0.7163262222233425,-0.7898941570507777,-0.9710325838295886
-0.5418722045631228,-0.8118998553298038,-0.7945983789021296,-0.1453245805413476,-0.522887364337629,-0.9545514466067384,-0.9964447831430808,-0.769012628720095,-0.981147110362802,-0.827864524273959,-0.7012336324225226,-0.6696085907741265,-0.6431399758645656,-0.5191787303048405,-0.8421310101695217,-0.6554783374755356,-0.7142594457167063,-0.7163621598402657,-0.7899758624190729,-0.9764947012224544
-0.5418386353844615,-0.8119495706659199,-0.7946806414232209,-0.1455778554657426,-0.5229323440971426,-0.9542663253783192,-0.9964576008792008,-0.7692833239637673,-0.9812681436275164,-0.8276279296606672,-0.7009078291453453,-0.6695475125858422,-0.6451521493846621,-0.519160890689806,-0.8423449590367259,-0.6553617756845902,-0.7146844107575585,-0.7163867747461607,-0.7900616876760431,-0.9818946802285826
-0.5418081472139595,-0.8120271181046423,-0.7947439809069043,-0.1458982118589179,-0.5229584507030706,-0.953967312876054,-0.9964748715017432,-0.7695961937854793,-0.9813887117791678,-0.8273657261878817,-0.7003641589923137,-0.6694339524985582,-0.6464930797769338,-0.5191532127672585,-0.8423183831719182,-0.6552433464887606,-0.7149625779092397,-0.7164093999722368,-0.7901353953181547,-0.9859968906800797
-0.5417878456548806,-0.8121330521284473,-0.794793263305186,-0.1460418558248819,-0.5229726866240785,-0.9536850309583336,-0.9964770220865656,-0.7699452645050904,-0.9814993062169742,-0.8270750204691335,-0.6995107679105927,-0.6693698222140119,-0.6476741044372688,-0.5191453308561332,-0.8424130048102876,-0.6551414425430117,-0.7150910328504982,-0.7164112686827081,-0.790199212790555,-0.9841965747583291
-0.5417784927506745,-0.812261449478205,-0.7948335812264155,-0.1462036463845653,-0.5229778012188382,-0.953436951361136,-0.9964418671814316,-0.770328340279659,-0.9815839222483196,-0.8267594777513686,-0.6981110264731942,-0.6692339432903391,-0.6487195533480092,-0.519146767600762,-0.84240453724051,-0.6550665693595776,-0.7150596522096816,-0.7164105255540238,-0.7902583790531238,-0.9841860957485589
-0.5417737019808729,-0.8124020045456346,-0.7948630881620902,-0.1464054300305564,-0.5229736819718267,-0.9532331100822744,-0.9963484340820584,-0.7707457611218426,-0.9816242340244248,-0.8264070521342892,-0.6961031253582494,-0.6690331084607701,-0.6496491750340955,-0.5191484359782838,-0.8424090207543081,-0.6550167861540964,-0.716079356464288,-0.7163961168837613,-0.7903165990906106,-0.9839456952751972
-0.5417635361818561,-0.8125428651590475,-0.7948826283076409,-0.1466241598939137,-0.5229578794992333,-0.9530537510013384,-0.9961885599072458,-0.7711911666027198,-0.9816052210874768,-0.8260259789768216,-0.6937630640421572,-0.6687953706837833,-0.6504153169297195,-0.5191602341736122,-0.8424223435400485,-0.6549785492912104,-0.7163409557939691,-0.716381301339083,-0.790369967212502,-0.9834142703921923
-0.5417395582737699,-0.8126742524033052,-0.7948945429725354,-0.1468990691993254,-0.5229364043228477,-0.9528691126289198,-0.9959574708597948,-0.7716615597480982,-0.981520365525718,-0.8256191076281482,-0.6916294647491084,-0.6685603846818733,-0.6510979595965027,-0.5191650874205365,-0.8424372307869576,-0.6549327914394125,-0.7165289876291856,-0.7163581270493463,-0.7904126713391847,-0.9825169221540573
-0.5416996008426808,-0.8127905370147144,-0.7948984709640448,-0.1471679118374851,-0.5229050877351952,-0.9526439808302316,-0.99567076537058,-0.7721465328959451,-0.9813326478742164,-0.8251745854112642,-0.6904774308422205,-0.6683002097779454,-0.6517086912833171,-0.5191802459891679,-0.8424456166747071,-0.6548637141432746,-0.7168831377562943,-0.7163215022147691,-0.7904499534906763,-0.9812043419289653
-0.5416488758293684,-0.8128912454261397,-0.7948987215665773,-0.1474382086138571,-0.5228681620397361,-0.95235834030115,-0.9953473713286538,-0.7726498814271441,-0.9827510226410728,-0.8247002016638636,-0.6908260351382287,-0.6680247448696297,-0.6518306974425105,-0.5191970270233919,-0.8424413599540175,-0.6547658147608193,-0.7173838693244248,-0.7162807972290288,-0.7904778451595391,-0.9794852073419353
-0.5415973757626995,-0.8129802737802262,-0.7948911422656578,-0.1477351589713731,-0.5228262543165425,-0.9520029579139312,-0.9950019424545946,-0.7731389188165301,-0.9825547562957696,-0.8241970800854872,-0.692640405036508,-0.6677342499977359,-0.651720296390031,-0.5192165174767078,-0.8424230487118534,-0.654646841495788,-0.718013165381471,-0.7162332900700574,-0.790511622128588,-0.9774613295102602
-0.5415539764253081,-0.8130637043500226,-0.7948789132687528,-0.1480233919756628,-0.5227780106067985,-0.9515850657363456,-0.9946473154127634,-0.7731507265584981,-0.9823674648957909,-0.8236523459328382,-0.695306717614452,-0.6674375535766321,-0.6516068853266439,-0.5192340172622377,-0.8423930624680066,-0.6545236152861704,-0.718762784075212,-0.7161818446463688,-0.7905272792331156,-0.9753494757298368
-0.5415217076114285,-0.8148997992535787,-0.7948664445975374,-0.1482939141369205,-0.5227286751592022,-0.9511334204945492,-0.9942860128527768,-0.7731880000412685,-0.9821911842423836,-0.8230723513748728,-0.6980273542802122,-0.6671588083005072,-0.6514262330657454,-0.5192517196258872,-0.8424191542829489,-0.6544143332555576,-0.719727622633782,-0.71612417477028,-0.7905536310194814,-0.9677163357617949
-0.5414942981805381,-0.8152205254519445,-0.7948466820106239,-0.1485493229866874,-0.5226712801537862,-0.9506753083942676,-0.9939164219286744,-0.773237473335614,-0.9820190505982964,-0.8224570423570405,-0.7002600556943469,-0.6669067869730548,-0.6512108940253933,-0.5192716306779666,-0.8423993204595399,-0.6543290219332001,-0.7207055660690266,-0.7160618591285386,-0.7905744924215734,-0.9217285635250168
-0.5417376889286324,-0.8133229141559198,-0.7948253252148202,-0.148793475090718,-0.5226140973328246,-0.9502344355859604,-0.993502692874545,-0.7732834404291288,-0.9818367288240736,-0.8217994790989204,-0.7017770304736989,-0.6666314428920465,-0.6509802402384961,-0.5192891996156346,-0.8423731488688511,-0.6542617034266357,-0.7216282974182074,-0.7160393462027487,-0.790585297547443,-0.9105973887959721
-0.5416832856632822,-0.8134125277548654,-0.7948029810362506,-0.1490293099040431,-0.5225548779453513,-0.9498485930035472,-0.99269239988712,-0.7733422368002173,-0.9816309332924168,-0.8210996761959477,-0.7024030007669708,-0.666367643937712,-0.6507523719587975,-0.5193020232432224,-0.8423569872991028,-0.654088297571841,-0.72244028567784,-0.7160208765034441,-0.7905913764224832,-0.9057118062888094
-0.5416176228892493,-0.8134994102506349,-0.7947767974359208,-0.1492526964194493,-0.5224934957787589,-0.9492480331463212,-0.9911551464543674,-0.7734268302854926,-0.9813932789747494,-0.8203521839305254,-0.7027099622982298,-0.6661222446282202,-0.650549993635604,-0.5193126708689355,-0.842348028925603,-0.6540139258081921,-0.7231050202215779,-0.7159950663601952,-0.7905965423832464,-0.898207196604823
-0.5415447703647513,-0.8152188653567108,-0.794744848251565,-0.1494671358764604,-0.5224309562214399,-0.9488248884236145,-0.9884649021333518,-0.7735060967921744,-0.9811243763300836,-0.8195609105254988,-0.7027782073056795,-0.6658841258946715,-0.6503897740374829,-0.5193166235213783,-0.8423494090553245,-0.6539155500656053,-0.723606077291321,-0.7159654752460829,-0.7905944530300213,-0.8895779602813118
-0.5414721239014748,-0.8174318335217198,-0.7946664840872979,-0.1496706033750429,-0.522368392667844,-0.948356345308834,-0.9874751897916678,-0.7735753471962478,-0.9808332468997832,-0.818726034754382,-0.7026189113794337,-0.6656729259405303,-0.6502756627533344,-0.5193142459849114,-0.8423346317672238,-0.6537973008536635,-0.7239456560736379,-0.7159333448942896,-0.7905979940452028,-0.8859775883793887
-0.5414056535846605,-0.8173799498679595,-0.7945097628371112,-0.149865590503874,-0.5223076168564443,-0.94781632672605,-0.9872356199460044,-0.7736284495907083,-0.9805328549097356,-0.8178353363199683,-0.7022011482283322,-0.6654863788852586,-0.6501962425936538,-0.5193047988788922,-0.8423041025419977,-0.6536735032237824,-0.7241396534513804,-0.7159666392474291,-0.7905909048193294,-0.8929711366265096
-0.5413487729668807,-0.8174273385510167,-0.7943602899157004,-0.1500509580040359,-0.5222447303380269,-0.947207744735951,-0.986940226331468,-0.773731975973484,-0.9802332534481372,-0.8106067351648238,-0.70140530479243,-0.6653208656982662,-0.6501298764068436,-0.5192832750807999,-0.8422742045927365,-0.6535596767179995,-0.7242115795377908,-0.7160262710165163,-0.790583771911403,-0.9026078044839881
-0.5412721122210805,-0.8175318601063057,-0.7942140732405403,-0.1502364373820496,-0.5221841038204588,-0.9465494914897106,-0.98660755769316,-0.7738326625878365,-0.9799358653769856,-0.8002666512934246,-0.6999060187748058,-0.6651803024018486,-0.6500520880097135,-0.5192467401437547,-0.8422327248098231,-0.6534622532877623,-0.7241874158305024,-0.7160838554680138,-0.7905719329584804,-0.8940136198910725
-0.5427016256440262,-0.8176591186140565,-0.7940742679343417,-0.1504580210361889,-0.5221274575566082,-0.945869972454632,-0.9862767927071336,-0.7739161121914486,-0.97963252825379,-0.8028212575737704,-0.6982439807504403,-0.6650635863496437,-0.6499429547370742,-0.519196601195684,-0.8421943734754758,-0.6533746561378571,-0.7240941488448074,-0.7161371093046387,-0.7905614211863743,-0.8255593815800666
-0.5426158224136923,-0.8177960676800549,-0.7939453258360138,-0.1506177034585981,-0.5220676951022319,-0.9451938385812612,-0.985985745574762,-0.7739642616739275,-0.9793099092794814,-0.7974230124158354,-0.697411521821385,-0.6649706920311401,-0.6497943843413594,-0.5191280871432385,-0.8421588203793414,-0.6532815944312407,-0.7242676610517835,-0.7160859998648446,-0.7905477203157919,-0.8783706504295357
-0.5425271422139545,-0.8179533725329856,-0.7938162240363037,-0.1507601119868682,-0.5220132675872893,-0.9472766035348316,-0.9857445792770336,-0.7739793261495179,-0.9789583958805952,-0.7895465749829922,-0.6979903293834652,-0.6649002343640562,-0.6496137138552556,-0.5190383811695092,-0.8421317450067306,-0.653169158344382,-0.7247190203406506,-0.7158996240803299,-0.7905268971780359,-0.985077149067615
-0.5424403858948825,-0.8181299726086271,-0.793695198282945,-0.1509112561560611,-0.5219569114565062,-0.9644996865976804,-0.9855302828997552,-0.7739582309648273,-0.9785711286171976,-0.7722616285365491,-0.6996926439268554,-0.6648500440633225,-0.6494219321499521,-0.5188791776049274,-0.8421114895765754,-0.653033827269188,-0.7253217139253108,-0.7157010934265259,-0.7905083247275695,-0.5309586513153739
-0.5423605354533748,-0.8183315134906668,-0.7935844055951955,-0.1510479082547655,-0.5219062236278547,-0.9840498320666852,-0.9853017997846656,-0.7740219306779333,-0.9781591701183358,-0.7481129636141578,-0.7012421905374983,-0.6648222392252708,-0.6492461802810594,-0.5186829208308701,-0.8421252125003006,-0.6528840254397068,-0.7259978255061735,-0.7154973173323194,-0.7904898920689805,-0.5263716483996518
-0.5422888907685885,-0.8184342084019793,-0.7934791845668776,-0.1511755468191674,-0.5218572287692415,-0.9984248409041536,-0.9850275770437792,-0.7740415741197727,-0.9777404360185388,-0.7280350341920672,-0.7022912853268243,-0.664807124733841,-0.6491070378407346,-0.5184432184594953,-0.8420950654659365,-0.652733930189399,-0.7265734278443414,-0.7152919058782498,-0.7904697837126574,-0.4024323925348677
-0.542222496079799,-0.8186824825156576,-0.7933809139089817,-0.1512872720063734,-0.5218097999686729,-1.0074773253373854,-0.9847054681720536,-0.7740127429621014,-0.9773332031575596,-0.7081658738698955,-0.7029131570640692,-0.6648157869135651,-0.6490093441424698,-0.5181541470094502,-0.842058263152808,-0.6525924342812226,-0.7270296616735046,-0.7150782370267372,-0.7904449795002455,-0.8960646801151034
-0.5421565468098322,-0.8188087874988105,-0.793290015186736,-0.1514097061174117,-0.5217671938944688,-1.0137750279482325,-0.9843629304999478,-0.7739348384859185,-0.976946157751126,-0.6930981856018427,-0.7030360652418803,-0.6648337024574997,-0.6489391777304683,-0.5178033273541992,-0.842015619419817,-0.6524566124143103,-0.7274345851549997,-0.7148587403280338,-0.7904214229981454,-0.8960158217659014
-0.5417044241499384,-0.8189119292371891,-0.7932046920533317,-0.1515185167311459,-0.5217244382393723,-1.0154758867511489,-0.984042915921232,-0.7738013820633495,-0.9765803939903742,-0.6569485259665833,-0.7030446906045684,-0.6648668915811686,-0.6488721696811262,-0.5173865044825539,-0.841971622415272,-0.6523137741967193,-0.7277005181198434,-0.7146365582532294,-0.7903834490546754,-0.895869051667782
-0.5405689862333725,-0.8190089236154339,-0.7931259241627864,-0.151621585203935,-0.5216803035676324,-1.0159956191735942,-0.983765485317518,-0.7736170727906144,-0.9762304707410664,-0.6140021660702544,-0.7025774909616656,-0.6649141371440216,-0.6487870038919519,-0.5168839179155286,-0.8419315385622463,-0.6521509704232604,-0.727848383969861,-0.7144097094954149,-0.7903626752375121,-0.8958048729412976
-0.5404606671908853,-0.8191072717883783,-0.7930505865835447,-0.1517166737020887,-0.5216444149152684,-1.0164297874392134,-0.9835240732247466,-0.773402742694541,-0.9758981346623136,-0.5898128494395668,-0.7017543333738651,-0.664976526814912,-0.6486761788687768,-0.5162960760583213,-0.8418998033935343,-0.6519649316901655,-0.7279046423058267,-0.7141788119971045,-0.7903396957759432,-0.895820553145757
-0.5413876960224379,-0.8192120004577749,-0.7929826645618505,-0.1518067042566327,-0.5216083322690803,-1.0163806993390132,-0.983286143861538,-0.7731426766571236,-0.9756088531390348,-0.5775616159305984,-0.7008823309777249,-0.6650518927440017,-0.6485502466189008,-0.5157224684953131,-0.8418762642728531,-0.651763503832749,-0.7279042527184363,-0.713960264596567,-0.7903104190235466,-0.8957586041172851
-0.5418210914577053,-0.8193518858446105,-0.792916040682617,-0.151888728430229,-0.5215754219477082,-1.0187748163878705,-0.9830173186690898,-0.7728637481582458,-0.976137216313728,-0.5762416488793143,-0.7004293077747633,-0.6651349017063631,-0.6484310268188657,-0.5150551703278626,-0.8418574242850522,-0.6515590642026564,-0.7278978109996823,-0.7137264642904826,-0.7902777889693425,-0.8956909906240844
-0.5417876372121606,-0.8194306479757347,-0.7928532507237078,-0.1519588143318864,-0.5215433746512678,-1.0188343438266094,-0.9827073853571212,-0.7727347606442411,-0.9829779499513986,-0.5860696122120421,-0.701093158658473,-0.6652305018914759,-0.6483375750875655,-0.5142696888258091,-0.8418397887606803,-0.6513579550304388,-0.7279328755483621,-0.7127830306060596,-0.7902478211193152,-0.8956469973844993
-0.541755141892408,-0.8194689854574102,-0.7927972119685041,-0.152045943933579,-0.5215134968638281,-1.0182010216118156,-0.982375631540918,-0.7726354502603547,-0.9837308289115428,-0.6039008707189931,-0.7019287866649319,-0.6653360486623308,-0.6482730677455546,-0.5133799964911975,-0.8418121036840727,-0.6511549778980059,-0.7281065658638521,-0.7115967896341427,-0.7902145689623417,-0.8956154656163268
-0.5417104277966285,-0.8195518139319875,-0.7927455667332197,-0.1521128826974199,-0.5214865034895836,-1.0177628580592883,-0.9820586916826066,-0.7725290212442105,-0.9848610946566344,-0.6319626281447693,-0.7027104195926179,-0.665451055657723,-0.6482221711536684,-0.5125569101788603,-0.8417825799171762,-0.6509383263572904,-0.7284067211560837,-0.7105600172992512,-0.790184595198115,-0.8955832741508584
-0.5416536821006226,-0.8176571978685686,-0.7926914272743947,-0.1521827917142291,-0.5214598958280794,-1.0151752226710369,-0.9813318172520388,-0.7724204531535495,-0.9861837706913764,-0.6611087871733619,-0.7031557338186739,-0.6655729616808241,-0.6481614715551293,-0.5116885375932244,-0.8417525988873006,-0.6506990280208858,-0.7288140599171016,-0.7095123405807942,-0.7901471645088806,-0.9940128102286149
-0.5413091085883135,-0.8177974508479953,-0.7926403035183014,-0.1522448944635908,-0.5214354166145071,-1.014451245766978,-0.9810612063866428,-0.7723080767913649,-0.9875375414119528,-0.6881650591988373,-0.7032523057693696,-0.6657030016810329,-0.6480756734400445,-0.5107220586688662,-0.8417268245492255,-0.6504385178435774,-0.729307939575156,-0.7084378589696217,-0.7901139326414982,-0.9940250206662691
-0.5408976371218308,-0.817936725715734,-0.792594934688518,-0.1523036964083171,-0.5214124671510258,-1.0143045789883425,-0.9807906450741932,-0.7722183183353992,-0.9888022201896008,-0.7113092205537735,-0.7032458585230519,-0.6658410684613668,-0.6479677830107808,-0.5097419526017377,-0.841708162014241,-0.6501659886039581,-0.7298622031393542,-0.7073598509838599,-0.7900849640142605,-0.9940297542446807
-0.5407967153695665,-0.8180731650314614,-0.7925487583317633,-0.1523581509259041,-0.5213888726780344,-1.014923258991177,-0.9804959809364212,-0.7721281636811493,-0.989899696310949,-0.7312581248781982,-0.702874376747043,-0.6659841309782478,-0.6478563319185955,-0.5089365679046033,-0.8416964612405142,-0.6498902536963886,-0.7304630990354575,-0.7062668549776883,-0.7900499381539197,-0.9940288000077201
-0.5409012913298213,-0.8182064336211277,-0.7925064612544734,-0.152408300933174,-0.5213715248661238,-1.0183071185904422,-0.9801708413324391,-0.7719831595477806,-0.9907897977222364,-0.7484391738557575,-0.702531748082585,-0.6661314839934078,-0.6477608702436445,-0.5080957395740775,-0.8416882997687412,-0.6496115907895835,-0.7311694745926658,-0.705171267717305,-0.7900172331086557,-0.9940239774660962
-0.5413575950563886,-0.8183383970637375,-0.7924667792243116,-0.1524572396357464,-0.5213526904519366,-1.019315397344375,-0.9798364914736992,-0.7718367325185136,-0.9914580054546878,-0.7663992023585287,-0.7019682097022554,-0.6662838171554111,-0.6476856201172729,-0.5071365601598464,-0.8416805448528131,-0.6493209965866221,-0.7317652453412313,-0.7042247540040021,-0.789977918887378,-0.9939983975630786
-0.5414211967552778,-0.8184720851544067,-0.7924291190219925,-0.1525023063177766,-0.5213364595970684,-1.0202565066462062,-0.9795221290513462,-0.7717068212622686,-0.99190699995963,-0.7842352443366438,-0.7023642004958387,-0.666435487026338,-0.6476160075404802,-0.5060580090054125,-0.8416706345950334,-0.6490090036904906,-0.7319996879337747,-0.7034288149259005,-0.789947429729797,-0.9939889334693535
-0.5413746649687166,-0.8186099417587765,-0.7923885965452938,-0.152545515255304,-0.52131947865311,-1.0209231381101067,-0.9792378341105036,-0.7715814759090598,-0.9921486718864592,-0.7978236551357095,-0.7026131897076373,-0.6665883008298422,-0.6475319507476336,-0.5048408592248724,-0.8416590032458833,-0.6486738131698389,-0.7318480307469624,-0.7026806918535662,-0.7899144145084623,-0.9885856860646047
-0.5408763104431938,-0.8187522763009664,-0.7923559971571805,-0.1525829935055219,-0.5213063038891221,-1.0211759367171669,-0.9789697654067238,-0.7714652172460337,-0.9921981360853652,-0.8023463934959402,-0.7030763099210635,-0.6667397135982888,-0.6474214182684401,-0.5034569707061032,-0.8415150866666222,-0.6483228098855613,-0.7314044153320884,-0.7020258718372151,-0.7898791391758543,-0.8953962585961156
-0.5406412578690059,-0.8188973143903364,-0.7923236229090379,-0.1526245689301743,-0.5212926771369786,-1.0207886491791915,-0.9786928721719284,-0.7713533248090412,-0.9920721291921324,-0.8007435424841398,-0.7034462644159136,-0.6668888556885275,-0.6472790955697697,-0.5018808236872851,-0.8414886952704681,-0.6479635352816302,-0.7308656206513879,-0.7015656478911605,-0.7898464822620019,-0.8953681013153819
-0.5405844317903921,-0.8190422814133997,-0.7922890567910595,-0.152661295218673,-0.5212796099080518,-1.020782842749444,-0.9783907292416536,-0.7712495872188395,-0.9917858182187612,-0.7985923091021647,-0.7035087167242942,-0.6670328024933304,-0.6471250564008276,-0.5004476453206832,-0.8414660158655828,-0.6475984922781172,-0.7304865078874627,-0.7012801722554063,-0.7898114433682258,-0.8953476668466924
-0.540775462805617,-0.8191849335694437,-0.7922588859679579,-0.1526938811998199,-0.5212680454345582,-1.0210411296190482,-0.9780723142431574,-0.7711322247325434,-0.9913508177233976,-0.7960544241403639,-0.7034401803023026,-0.667174899229864,-0.6469820627270864,-0.4988244905499247,-0.8414446238639981,-0.6472200746460459,-0.7305386878906506,-0.7011262740882236,-0.7897736215108085,-0.895336205687688
-0.5411275729664534,-0.8193255135165238,-0.7922311954418673,-0.1527252843084357,-0.5212584814119802,-1.02161064751796,-0.9777595943312848,-0.7709964376485727,-0.9907697050546526,-0.7936723277827591,-0.7031542187519129,-0.6672842352419038,-0.6468527539401461,-0.4969662332394738,-0.8414230222304114,-0.6468200473496768,-0.7310539167835681,-0.7011378879764429,-0.789694834181024,-0.8953328153487945
-0.5410980636796092,-0.8194659478197014,-0.792199619569849,-0.1527465858238754,-0.5212476677675364,-1.022645642279436,-0.9774722817799604,-0.7708645629307095,-0.9900466049450156,-0.792043199106427,-0.7029618790633414,-0.6673885277472572,-0.6467172320368884,-0.4950122247487874,-0.8413990666288612,-0.6463970787805204,-0.7319345220145992,-0.7013601984152393,-0.7896139102565986,-0.8953383529078447
-0.5407525125088996,-0.8196080593730752,-0.7921751159822888,-0.1527749505136837,-0.5212381468773967,-1.0232798667061256,-0.9772103303625836,-0.7707366334924488,-0.989206169907472,-0.791678756862777,-0.7029878783940628,-0.6674831387088759,-0.6465527774244894,-0.4931976825113232,-0.8413722592933238,-0.6459569299460144,-0.7329365290491741,-0.7018089756555794,-0.7895347899990705,-0.8953536273319577
-0.5405457198284547,-0.8197522947318454,-0.792148741604758,-0.1528051160836985,-0.5212300342593121,-1.0246989172342034,-0.9769493745079464,-0.7706135917770327,-0.98830551815364,-0.7925380546275143,-0.703326754223326,-0.667570739374457,-0.6463570644785663,-0.4914039869735605,-0.841344524094674,-0.6455066650006123,-0.7338293770668408,-0.7023671700661226,-0.7894586124139967,-0.8953634779580792
-0.5404870866379985,-0.8198977092151936,-0.7921265639574109,-0.1528241649407379,-0.5212226824815361,-1.023969607673682,-0.9766707573394562,-0.770508048941441,-0.9874337523465904,-0.7941615813681928,-0.703687216741148,-0.6676482235647395,-0.6461492640529184,-0.4901009010130565,-0.8413189216651379,-0.6450467582865741,-0.7344577783132088,-0.7030457093350819,-0.7893825814421316,-0.8953379362854363
-0.5405957692194134,-0.8200423322590991,-0.7921019575621544,-0.1528489593467754,-0.5212144593739858,-1.0241018045134245,-0.97637565594481,-0.7704087478220238,-0.9866910198421776,-0.7959118559463202,-0.7041004592456243,-0.6677161330228306,-0.6459484646535782,-0.4897690247170135,-0.8412966424209742,-0.6445711823755438,-0.734762476214951,-0.7037435876754924,-0.7893098119031042,-0.8953009909060391
-0.5408441020824923,-0.820185322419311,-0.7920814059508838,-0.1528718350471814,-0.5212088273501021,-1.0236561466848928,-0.9760841693435974,-0.7703134742358025,-0.9861652684905028,-0.7970795028351435,-0.7042222325619443,-0.6677728960983715,-0.6457534886998457,-0.4896072636695433,-0.8412763377889764,-0.6440734244768194,-0.7347743382753907,-0.7044359123843024,-0.7892387019016252,-0.8953457971229748
-0.5408482104772874,-0.8203273031394446,-0.7920624834260888,-0.1529020215951268,-0.5212037333163566,-1.0247376868587517,-0.975813681810196,-0.7702258041578885,-0.9829779043104286,-0.7973010392271422,-0.7041319981189368,-0.6678185467390204,-0.6454530630936792,-0.4894257295762368,-0.8412559940585231,-0.6435534898383279,-0.7346019955393991,-0.7046301965127706,-0.7891677923191932,-0.8953858450067621
-0.5406092638370383,-0.8204699358989707,-0.792043178493451,-0.1529235792530458,-0.5212002419696855,-1.0251056904821545,-0.9755625335658628,-0.7701407710502945,-0.9787378832748888,-0.7965551886340362,-0.7039634266574171,-0.6678575139719013,-0.6452141960621283,-0.4892400612707003,-0.8413049719366074,-0.6430179454881163,-0.734408862378341,-0.7041577998844254,-0.7890989302131912,-0.8953111668070803
-0.5404495293770968,-0.820614340463956,-0.792025776358548,-0.1529400055905554,-0.5211968602869448,-1.026163218394362,-0.9753120910267586,-0.7700611084586104,-0.974402332462127,-0.7948797385458705,-0.7039471555306197,-0.6678874251213722,-0.6449484017300267,-0.489088217002725,-0.8413955102090072,-0.6424719792689725,-0.7343580987342244,-0.7012092698798363,-0.7890354027651683,-0.8954021147304537
-0.539865858955835,-0.8207602591006516,-0.7920069750762069,-0.152961884664033,-0.5211925001895673,-1.026465635938259,-0.9750361172256408,-0.769986240491627,-0.9674394762252054,-0.7925788725985121,-0.7042013936547118,-0.6679077941018148,-0.6446788218749091,-0.4889854823535026,-0.8416778636535392,-0.6419133753080197,-0.7345346740375734,-0.6979926822310862,-0.7889718533699392,-0.8953568933074502
-0.5399829827364592,-0.8209062357020978,-0.7919907697172952,-0.1529808031651511,-0.5211885674423912,-1.0254532653840391,-0.9747512828738548,-0.7699162906798029,-0.9625367332741608,-0.7901342568730307,-0.7046000911773547,-0.6679162713283613,-0.6444141862687569,-0.4889404028142784,-0.841921224476857,-0.6413366508927403,-0.7349015143238884,-0.6953991113079017,-0.7889094110977128,-0.8954269015673978
-0.5401593810133294,-0.8210507636787355,-0.7919740776422135,-0.1529944852140969,-0.5211850538859544,-1.025709241884868,-0.9744825081332518,-0.7698520992469949,-0.962164055482749,-0.788707552610443,-0.7049125959448602,-0.6679143323176097,-0.6441429304149171,-0.4889687673783712,-0.8421217778860359,-0.640738313802028,-0.7353269659449796,-0.6940783856889416,-0.7888499925642194,-0.8954326855692478
-0.5401569016437329,-0.8212006652940653,-0.7919600541131204,-0.1530145691031077,-0.5211819372047171,-1.0269268612364442,-0.97423909715604,-0.7697886458166429,-0.961828378564602,-0.7888246357769823,-0.7051313794583425,-0.6678996858337743,-0.6438473584699035,-0.4890488158015428,-0.804471907956392,-0.6401217763967864,-0.735664805778961,-0.6930448882370721,-0.7887929347072256,-0.8952039215389688
-0.5400175823846346,-0.8213548703648751,-0.7919463310306384,-0.1530288718165854,-0.5211792183741729,-1.027028782092149,-0.974007255625389,-0.7697264725183771,-0.9614667622027786,-0.7901285041960832,-0.7051943554492206,-0.6678760180192664,-0.6435222603911142,-0.4891561568694292,-0.803808439655346,-0.6394926086759474,-0.7358220234013436,-0.6922401024574241,-0.7887378321485944,-0.8952921741947227
-0.5399583536651977,-0.8215109640173891,-0.7919343183622461,-0.1530418141330463,-0.5211768414423884,-1.0273488913474296,-0.9737268725593818,-0.7696668168691969,-0.9610985749663497,-0.7916049298259031,-0.7050982815209995,-0.6678448932849232,-0.6431819170427391,-0.4892433148086897,-0.8406467657521203,-0.6388527836987492,-0.7357896763183455,-0.6919221601744824,-0.7886853062255084,-0.8957072702254253
-0.540002575488067,-0.8216634434905441,-0.7919226059277749,-0.1530611616091022,-0.5211749506899037,-1.0275307857530953,-0.9734643376938802,-0.7696087763177897,-0.9607445009785684,-0.7922109603177008,-0.7051865232266029,-0.6678020831532762,-0.6428528716066884,-0.4892841864773946,-0.8419802238977347,-0.6381987189943225,-0.7356401043610475,-0.6922290569346192,-0.7886357370646756,-0.8954592245936365
-0.5401296343207276,-0.8218063036518395,-0.7919116465848494,-0.153073431959111,-0.5211740635463971,-1.027838855035983,-0.973201343955974,-0.7695558328292134,-0.9603451627984774,-0.7915166389709135,-0.7053935649984148,-0.6677536900221932,-0.6440612101337175,-0.4892421323351928,-0.8418336473740057,-0.6375264954976938,-0.7355019804402725,-0.6930930378255458,-0.7885876421247555,-0.8952880465539913
-0.540238389732078,-0.8219361884752898,-0.791898005574345,-0.1530920398842827,-0.5211733514791695,-1.0285969018587786,-0.9729566995474392,-0.76949846003516,-0.9600024266325462,-0.7900030949163542,-0.7057151129139264,-0.6677015251571642,-0.643653538036532,-0.4891230067710762,-0.8416770768812075,-0.6371134858324129,-0.7354871471679322,-0.6942526875767634,-0.7885425223866422,-0.8955628750074318
-0.5401934412371252,-0.8220575395800424,-0.7918880065259513,-0.1531062636016667,-0.5211723771817539,-1.0283857571220472,-0.9727288829384048,-0.7694413966221995,-0.9596385233104522,-0.7879155666300968,-0.7060718569343611,-0.6676426972426317,-0.6432195057689293,-0.4889345030042961,-0.8415434533681305,-0.636423657812745,-0.735679984596642,-0.6953745682435961,-0.7884991207602823,-0.8956821277655391
-0.5400991264224049,-0.8221817558904141,-0.7918790724938061,-0.153120147709064,-0.5211715231502773,-1.0291532960819836,-0.9725003314268742,-0.7693850623054896,-0.9592533477663258,-0.7865360210522692,-0.7062247253037183,-0.6675790637012681,-0.6428097576052555,-0.4887359348598282,-0.841436410572323,-0.635726282490894,-0.7360793202412566,-0.6961709835466919,-0.788456218441854,-0.8953551830214159
-0.5400941542369943,-0.8223199844158964,-0.7918692546949987,-0.1531349971730817,-0.5211708719656517,-1.029188358676079,-0.972263819269015,-0.7693277433658497,-0.958867055325751,-0.7860677228271087,-0.7062077089791552,-0.6675094674331096,-0.6423928195871662,-0.4885753259112645,-0.84137056200244,-0.6350143676813268,-0.7365862951573707,-0.6964780836910418,-0.7884196536201078,-0.8955944084231003
-0.5401783263226906,-0.8224753609288411,-0.7918624183583474,-0.1531436454188412,-0.5211703843214724,-1.0292834195073153,-0.9720106706601768,-0.7692684489573282,-0.9584964901833184,-0.7870990551582259,-0.7063209284684737,-0.6674347773135108,-0.6419725298767867,-0.4884959140307324,-0.8413629742525718,-0.6342553156175121,-0.7370652999540639,-0.6962798674307958,-0.7883851579970315,-0.8955241518083451
-0.5402991067172149,-0.8226410958139303,-0.7918541685330497,-0.1531660161388342,-0.521170071253185,-1.0288927669494528,-0.9717680757631032,-0.7692109438558002,-0.958139327804442,-0.7879217456398067,-0.7064432658147253,-0.6673596126487026,-0.6415330207328103,-0.4885120098906693,-0.8410501043824341,-0.6330163425112378,-0.7374278679013424,-0.6957188022676214,-0.7883524177931769,-0.8955084145010229
-0.5403408572824603,-0.8228057449682631,-0.7918455780238356,-0.1531805196235618,-0.5211699183075452,-1.0292317348856668,-0.9715429724273564,-0.7691510127189435,-0.9599116992788108,-0.7884598900650268,-0.7068400437802629,-0.6672800905420664,-0.6410610167710906,-0.4885889022388016,-0.8374685676621766,-0.6375202059175828,-0.7376522069523862,-0.6950776548066083,-0.7883220447820032,-0.8955599447281386
-0.5402801787969744,-0.8229613984242526,-0.7918393687394334,-0.1531925470630891,-0.521169911918168,-1.029482193065061,-0.9713258154899296,-0.7690930458912478,-0.959506983318332,-0.7874247838343182,-0.7071315469355743,-0.6672023883138689,-0.6405474254338517,-0.4884108091209185,-0.8373439986448258,-0.6368284731549831,-0.7377492267043178,-0.6947175034622868,-0.7882946197867755,-0.8955169245374884
-0.5402411371864914,-0.8231080167800726,-0.7918321691165338,-0.1532042050966222,-0.5211700394097478,-1.0297138736176434,-0.9711006157150996,-0.7690373949112457,-0.9590836509665556,-0.7858233574459687,-0.7073183501154625,-0.6671191558581056,-0.6399429935476644,-0.488427864737482,-0.8370754012959928,-0.6360926588873558,-0.7378748002173208,-0.6948844173399074,-0.7882662948170785,-0.8955862535941435
-0.540286684356655,-0.8232504662929838,-0.7918273613911921,-0.1532208237412646,-0.5211702776547887,-1.029463356517375,-0.9708632901873168,-0.7689750534796593,-0.9586612834609424,-0.7845215832032452,-0.7074091747103733,-0.6670266657429861,-0.639434565271176,-0.4883410171339132,-0.8369945178196019,-0.6353249928845363,-0.7380839402577718,-0.6955518582226541,-0.7882414844797376,-0.8955112582279922
-0.5403904933967542,-0.8233929672443263,-0.7918202478598142,-0.1532339378736349,-0.5211706260687415,-1.0304852792296135,-0.9706298312899774,-0.7689244104625527,-0.9582519817365162,-0.7842137775472678,-0.7074325565458424,-0.6669297164170462,-0.6389049261779143,-0.4881703999682948,-0.8370317343902942,-0.6345577601258575,-0.7384080213006444,-0.6964295140787768,-0.7882197227733025,-0.8956023104172195
-0.5404718831276656,-0.8235362651620859,-0.7918156013322605,-0.1532447414043003,-0.5211710752272791,-1.0301921239036709,-0.9704091453321512,-0.7688763434063148,-0.9578477653549934,-0.7846823173499216,-0.707715037154314,-0.6668348769473694,-0.6383182334778631,-0.4879665832117516,-0.8371173610902766,-0.6338035241923341,-0.7387996068298184,-0.6971538085391449,-0.7882004057811862,-0.8955716975244685
-0.5404653141478903,-0.8236796078486804,-0.7918092477233187,-0.1532573655314774,-0.5211716153357002,-1.0299998577329903,-0.970199197983836,-0.7688276272321086,-0.9574295116130016,-0.785174841345766,-0.7080244339052647,-0.6667445474619622,-0.6376416581014384,-0.4878098835690074,-0.8371926666347698,-0.6330399132042243,-0.7391735559911086,-0.6976585589337392,-0.7881811638361907,-0.895538642934022
-0.5404310493878609,-0.823824838682366,-0.7918051282376747,-0.1532667124846225,-0.52117223698785,-1.0309451904975382,-0.9699854442993476,-0.7687786536289385,-0.9569898890209002,-0.7850514903482615,-0.7082520004219666,-0.6666584567673722,-0.6370590547716064,-0.4877465472212219,-0.837213450746159,-0.6322730880123639,-0.7394609388443396,-0.6975447881880111,-0.7881629884660237,-0.8956297043366707
-0.5404491989772593,-0.8239759661188975,-0.7917999217381373,-0.153285419720935,-0.5211729311334238,-1.0314755263496456,-0.9696274644302012,-0.7687327476133603,-0.9565440735501138,-0.7841508316264296,-0.708459475576876,-0.6665754869062175,-0.6364685282997014,-0.4877662328952497,-0.8371860493767554,-0.6314557416949887,-0.7396442955452083,-0.6971954984452605,-0.7881486182851856,-0.8956428770849667
-0.5405262101617886,-0.8241352244968205,-0.7917954876876881,-0.1532994041260782,-0.5211736908264311,-1.0314137316406051,-0.9749491193992096,-0.7686855304682797,-0.9560490911439586,-0.7829968072726309,-0.7085631000230748,-0.6664988670811673,-0.6358554489668415,-0.4878177243816986,-0.8371596743154528,-0.6300506313503436,-0.7397695439566607,-0.7048595159797074,-0.7881342623158982,-0.895615849336451
-0.5406139603168907,-0.8242988006198061,-0.7917906936939552,-0.1533141991165474,-0.5211733696477037,-1.0310678153049138,-0.9746037907753162,-0.7686339397166978,-0.9555906861120708,-0.7823765191755438,-0.7087676820656473,-0.666427927900154,-0.6352153976343694,-0.4878086790854938,-0.8371794459606466,-0.6292738797255717,-0.739913448170553,-0.7170411098283359,-0.7881223568810122,-0.8955904434916067
-0.5406474514926723,-0.8244585250247092,-0.7917873460267526,-0.1533192978638767,-0.5211743675455074,-1.0321673060198535,-0.974337675708272,-0.7685701874333921,-0.9551131897172253,-0.7824818533777386,-0.7089235678791634,-0.666362768268993,-0.6345614725010797,-0.487693652475053,-0.8372409378550649,-0.6284872796563012,-0.7401407418112208,-0.7169883511228614,-0.7881136874669588,-0.895605565743303
-0.540639768993479,-0.8246080948272659,-0.7917834161423284,-0.1533325523943838,-0.5211754075729933,-1.0312677079141108,-0.9740755391630952,-0.7685015456101365,-0.954647149196882,-0.7826205182313639,-0.7091931774026821,-0.6663003186938152,-0.6339037011235821,-0.4875034578732261,-0.8372974663094501,-0.6276819403909679,-0.7404639386619997,-0.7171951481214789,-0.7881056854073095,-0.8956038175364733
-0.5406525756806826,-0.824748759269049,-0.7917793701612404,-0.1533548534185666,-0.5211764837628314,-1.031289675012303,-0.9738109178862862,-0.7684356289803539,-0.954161807247688,-0.782580956515617,-0.7093819640312592,-0.6662464086507559,-0.6332352239771162,-0.4873075497376959,-0.8373097010579057,-0.6268732162609039,-0.7408364846266309,-0.717544015102997,-0.7880987905904193,-0.8955838238619614
-0.5407074532381472,-0.8248885733242746,-0.791776304783368,-0.1533686255429463,-0.5211775906061227,-1.0318365357518915,-0.9735488946328896,-0.7683731804486837,-0.9536766446023563,-0.7820075264494025,-0.7095599349060739,-0.6661990451784332,-0.6325461439864022,-0.4871821886547208,-0.8372832846268758,-0.6260779245860439,-0.7411915535634815,-0.6709893077201203,-0.7880931978301542,-0.8956053487777733
-0.5407849123796706,-0.8253762540673291,-0.7917733282117532,-0.1533739910294735,-0.521178722923245,-1.0318574950690085,-0.9732945124221316,-0.7683108101255547,-0.9532003117625236,-0.7812492172988719,-0.7096468532013048,-0.6661564308849268,-0.6317202567128097,-0.4871333288489078,-0.8372599487275932,-0.6252908893185982,-0.7414855330063322,-0.4840312698075941,-0.7880889794163013,-0.8956258766214689
-0.5408382342275979,-0.8255244492045668,-0.791769276427156,-0.1533932668710864,-0.5211798901011541,-1.0321460661046653,-0.9730507464200654,-0.7682538338585816,-0.9527227549159376,-0.780834131872437,-0.7098173695239552,-0.666122930449706,-0.6310214874520843,-0.4871058253322264,-0.8372744957807514,-0.6244956482546049,-0.7417241393354754,-0.4825010067471395,-0.7880860122848558,-0.895620284335515
-0.5408576019299697,-0.8256747651476617,-0.7917670278856864,-0.1534018566761761,-0.5211810740236433,-1.0326523334469997,-0.9728342371204932,-0.7681987842913635,-0.9522287734480116,-0.7808720027705986,-0.7100994959446565,-0.6660966017952487,-0.6303136825564123,-0.487018325285227,-0.8373196639789221,-0.6236914223796488,-0.7419557161881583,-0.2732111571887077,-0.7880842169035447,-0.8956566041340555
-0.5408795146909126,-0.8258223116824868,-0.7917650865920789,-0.1534202581107438,-0.5211822697885198,-1.0325258453284116,-0.9725934576244052,-0.7681476326097496,-0.9517163085662098,-0.7809803568328151,-0.7103935907651759,-0.6660765845097576,-0.6293926150063365,-0.4868360077884625,-0.8373554026188866,-0.6224640047158364,-0.7422357385745685,-0.2734789401352612,-0.7880835132503158,-0.8956665519056047
-0.5409243381236519,-0.8259669245944288,-0.7917632873094211,-0.1534348631206147,-0.5211834735358349,-1.032543145429852,-0.972359140272838,-0.7681005314084209,-0.9512028452080228,-0.7808074021823199,-0.7105836583944647,-0.6660618100983642,-0.6286547622774047,-0.4865844087435904,-0.8373520765892535,-0.6217099696669182,-0.7425838078768708,-0.27202859568669,-0.788083797624975,-0.8956885244905146
-0.5409897558482906,-0.8261110305805042,-0.7917594661917258,-0.153440910828022,-0.5211846816400411,-1.0331952397914483,-0.9721326985707208,-0.7680574609563171,-0.9506980702505688,-0.7803858233133305,-0.7106569124089128,-0.6660517858787927,-0.6279138671662972,-0.4863515928510663,-0.8373228555818606,-0.6209640308622778,-0.7429692911600959,-0.2700629734370329,-0.7880850035495026,-0.8956816260131811
-0.5410374181852177,-0.8262553103056016,-0.7917580328324024,-0.153457887444669,-0.5211858907823645,-1.0331095730352244,-0.9719257387330454,-0.7680150497682716,-0.9501929267111662,-0.7800098877311364,-0.7108520709361114,-0.6660471938870637,-0.6271740413735147,-0.4861859573337292,-0.837303843839309,-0.6202168206731276,-0.7433384856126498,-0.2685137631455533,-0.788087124043528,-0.895643323268485
-0.5409693684052155,-0.8263974292761066,-0.7917562489679085,-0.1534727954774214,-0.5211870976173326,-1.0331171170791191,-0.9717192910565486,-0.7679773737073503,-0.94967493106722,-0.779875193751751,-0.710966640746,-0.6660504770240732,-0.6264314837591807,-0.4860651749314864,-0.8373187807057973,-0.6194829743892136,-0.7436491869165425,-0.2659316413632501,-0.7880900506783035,-0.8956905557297098
-0.5410019786545746,-0.8265358759063393,-0.7917546290172235,-0.1534872662184394,-0.521188295242754,-1.0337089047274863,-0.9714996098553812,-0.7679419911000664,-0.9491398322416342,-0.7798707556973967,-0.7112160209899798,-0.6660583621164167,-0.6256957742830591,-0.4859021108723473,-0.837350147495085,-0.6187671689724121,-0.7439070432348877,-0.264731184852144,-0.7880937678149003,-0.8956824405578722
-0.5410476300280197,-0.8266733622766443,-0.7917539376075331,-0.1534896468461863,-0.5211894792864389,-1.0334321956276913,-0.9712783043747236,-0.767909764055805,-0.948597319243705,-0.779769601663519,-0.711514086897412,-0.666069733514192,-0.6249666194100394,-0.4856363388818095,-0.8373620113416436,-0.6180671103698094,-0.7442023118790314,-0.5316767229358426,-0.788098213297779,-0.895650565085558
-0.5411119501118176,-0.8268147505298133,-0.7917521133433445,-0.1535031117626233,-0.5211906535190554,-1.033869708424444,-0.971071327208154,-0.7678813446996317,-0.9480735663338156,-0.7795462897027321,-0.7116365334566817,-0.666084657572714,-0.6242361239700365,-0.4853075703618018,-0.8373414645401887,-0.6173784181487295,-0.7445270263881163,-0.5315824195899446,-0.7881032731503531,-0.8956958142901927
-0.5411802401991521,-0.8269614846003759,-0.7917503541822821,-0.1535222489966179,-0.521191815722985,-1.0344001454494216,-0.9708763525101318,-0.7678560089740272,-0.9541303736053732,-0.7793635324258793,-0.7117694886780397,-0.6661026119926037,-0.6235051503256812,-0.4850047137972428,-0.8373091238529444,-0.6167049950117718,-0.7448819869428844,-0.5314738063891461,-0.7881088374706291,-0.895740457229406
-0.5412309931667798,-0.827109370173036,-0.7917487355908557,-0.1535365498230061,-0.5211938095209304,-1.0341850369351753,-0.970614271738642,-0.7678326123837955,-0.953723279483508,-0.7792872772807307,-0.7119198730648699,-0.6661252177287642,-0.6227577143397182,-0.4847722638384256,-0.8372955346366584,-0.6160580678652341,-0.7452669976629906,-0.5313643548095619,-0.7881146848620453,-0.8957466075158618
-0.5412739030089725,-0.8272523224266797,-0.7917472371562126,-0.1535504314354297,-0.521194649374648,-1.0344823925268456,-0.9703983461562196,-0.7678124337765053,-0.9432213454193594,-0.7792143515675571,-0.7122332258440076,-0.666151348822986,-0.6219609029076684,-0.4845482443792247,-0.8373073753848569,-0.6154388121253864,-0.7456386750394587,-0.7208416634763878,-0.7881195347902333,-0.8957017674436946
-0.5413231399247962,-0.8273885572432654,-0.7917455529435441,-0.15356472534248,-0.521195473679553,-1.0344228400890183,-0.9701830672861356,-0.7677968344907571,-0.9507005608229016,-0.7790668817863258,-0.7123745618246327,-0.6661798790171511,-0.6211514346010701,-0.4842652567210941,-0.837316680862517,-0.6148398073833625,-0.7459793876699894,-0.7182957282183489,-0.7881267795713872,-0.8957020794458567
-0.5413852396790422,-0.8275215463676592,-0.7917453147716687,-0.1535785817376977,-0.5211962808174888,-1.0343408820701203,-0.9699808851591772,-0.7677814656632523,-0.9502150035710766,-0.7789165102519153,-0.712524593272976,-0.6662098434111206,-0.62035916168027,-0.4839139925479313,-0.8373035043281692,-0.6142594633439507,-0.7463130795650424,-0.7168021884334221,-0.7881347363172269,-0.8957866508282134
-0.5414517465701352,-0.8276563551271628,-0.7917451292456592,-0.153592082630934,-0.521197071480455,-1.034647535643398,-0.9697846338854836,-0.7677703068712984,-0.9497170541391406,-0.7787218853444144,-0.712707260414905,-0.666242023741052,-0.6195471268608721,-0.4835362163050874,-0.8372696714223838,-0.6137138249863778,-0.7466664383058842,-0.7167871610075063,-0.7881439941453315,-0.8956264594863821
-0.5415065280721781,-0.8277941743748446,-0.7917443975372827,-0.1536054929607991,-0.5211978469577503,-1.0344490038630303,-0.967207712789046,-0.7677609609985427,-0.9491775196111452,-0.7780641230487471,-0.712916765829686,-0.6662747573283869,-0.6190005833628558,-0.482965841127055,-0.8372429505924635,-0.6132085717145215,-0.747061044671147,-0.7168021024036617,-0.7881512505915997,-0.895643792990622
-0.5415563637944604,-0.8279323742006964,-0.7917441762061656,-0.1536182491051957,-0.5211986013318928,-1.0348726444084924,-0.9669099659144073,-0.7677532049180965,-0.9484336202237608,-0.778011452415323,-0.7130705070631083,-0.666308224778196,-0.6180705426884013,-0.4827312814735876,-0.8372379272601398,-0.6127363862376516,-0.7475742582238263,-0.7168197220250881,-0.788159033706954,-0.8955639751743032
-0.5416121154382976,-0.8280682114287636,-0.7917439221157532,-0.1536325036236521,-0.5211993336120806,-1.0346042365187045,-0.9666839131711102,-0.7677470147189186,-0.9478901146602714,-0.7785028710461023,-0.7133828465244826,-0.6663424091135262,-0.6172129604298273,-0.4824305816728066,-0.837240811951453,-0.6122949325756115,-0.7480713494281979,-0.7168216350161586,-0.7881669644519806,-0.8959687351845529
-0.5416763212843507,-0.8282016853827588,-0.791743637593462,-0.1536432097251985,-0.5212000428950099,-1.0351379797718523,-0.9663490304737972,-0.767744269086877,-0.9473497010306942,-0.7783662024235769,-0.7135566435269701,-0.6663755729663732,-0.6164487417288697,-0.4820073351887227,-0.8372290491184431,-0.6118935210232814,-0.7483329055655565,-0.716802386466588,-0.7881753714840347,-0.8959671208573251
-0.5417407180120147,-0.8283341083741117,-0.7917434049930833,-0.1536574604192594,-0.521200728392228,-1.0352231951240238,-0.9660339472585482,-0.7677426113316822,-0.9467728000331695,-0.7777076063572274,-0.7136224430289865,-0.6664099083334188,-0.6152435814541438,-0.4815667402416724,-0.8371204560605736,-0.6115398446870028,-0.7485769391643419,-0.7167972989678526,-0.7881850684384117,-0.8959268353440318
-0.5417964088807066,-0.8306228141932539,-0.7917423824281824,-0.1536701406380621,-0.5212013893343779,-1.0354092959228465,-0.965806739194642,-0.7677412257220244,-0.9461576641252024,-0.7777387628199486,-0.7138283225481017,-0.6664418458614578,-0.6143249629753903,-0.4812233086755991,-0.8371106572620984,-0.6112338877014196,-0.7489680572648251,-0.7168041324554423,-0.7881936358296364,-0.8959375519589482
-0.541852296935399,-0.8307346933667127,-0.7917419130390779,-0.1536757533114632,-0.5212040447761677,-1.034918443446791,-0.9656020879554894,-0.7677433589682832,-0.9455400903085952,-0.7776752318963795,-0.7140244487966305,-0.6664714621056441,-0.6134813360666886,-0.4809340875722353,-0.8371089315126217,-0.6353658590531771,-0.7494483129082485,-0.7168264112518027,-0.7882027222026464,-0.8959460400060457
-0.5419150295896812,-0.830845702153989,-0.7917414954505905,-0.1536927360513617,-0.5212033515883874,-1.0357258987023117,-0.9652936996786904,-0.7677463259450714,-0.9449410716159192,-0.7775151033889504,-0.7141612553443684,-0.6664987918953439,-0.6127104679311264,-0.4805744396797263,-0.83710731892943,-0.5995376689487377,-0.749985421570222,-0.7168451195015353,-0.7882111514249346,-0.8959476344349524
-0.5419811476318437,-0.8309558511012984,-0.7917411264183141,-0.1537058347685128,-0.5212041385731354,-1.0357824193035836,-0.9649409654080614,-0.7677502260105139,-0.9443358374847368,-0.7774299172408983,-0.7142080476404618,-0.666528742104451,-0.6119028204574866,-0.4825044915536566,-0.8370992024534093,-0.5978744062605654,-0.7503231946182022,-0.7168353873476628,-0.7882195476986178,-0.8959543535388578
-0.5420433554542352,-0.8310659261424821,-0.7917407622436318,-0.1537189362329222,-0.5212049016068442,-1.0357791482339618,-0.9645297472057892,-0.7677563270696746,-0.9436887956890944,-0.7775047461218072,-0.7144182423240293,-0.6665508897101395,-0.6110031067104252,-0.5063403432822584,-0.8370701126473745,-0.6175220965214299,-0.7507572354620227,-0.7167774480195926,-0.7882261472692944,-0.8959687780589218
-0.5421010865660933,-0.8311766417417458,-0.7917404907351951,-0.1537337864629307,-0.5212056371054976,-1.035691432457135,-0.9642656746254158,-0.767760427279957,-0.9432905284268096,-0.7775639509174159,-0.7145975932688422,-0.6665728361761847,-0.610167282953422,-0.5048539770217474,-0.8370283270824614,-0.6506031843064477,-0.751325085997358,-0.7168290351211953,-0.7882345784960123,-0.895977664576513
-0.5421632866845111,-0.8312878120939878,-0.7917402559285379,-0.1537450244402107,-0.5212063450314012,-1.035973236860105,-0.9639636896795823,-0.7677660354015552,-0.9426170250036762,-0.7774613367917738,-0.7147471963206382,-0.6665928791649034,-0.6094432146024938,-0.5040742147850895,-0.8370146937259422,-0.57911404005729,-0.7547492831421516,-0.7167860352866804,-0.7882421931744269,-0.8959866365856504
-0.5422303004667801,-0.8313937173714798,-0.7917400581296526,-0.1537504490702333,-0.5212070252348358,-1.0362527300280304,-0.9635784704170652,-0.7677715676389507,-0.941976129892774,-0.7773257585068197,-0.7151185696727265,-0.6666080520914516,-0.6087024632022502,-0.5044800311575885,-0.8369958494068364,-0.590361676385964,-0.7550571671863279,-0.7168229106223979,-0.7882495916228381,-0.8960083345788487
-0.542296321893817,-0.831628764585625,-0.791739895784354,-0.1537700942262845,-0.5212076777253907,-1.0360558574424117,-0.963205311650188,-0.7677771710818548,-0.9413549719442552,-0.7773554834490766,-0.7151142743008501,-0.6666187346098272,-0.6078978638864495,-0.5045465242331872,-0.836968644708285,-0.6221221809468493,-0.7557544302780939,-0.7167908528661735,-0.7882583632651183,-0.8960226678308102
-0.5423584143981637,-0.8326440735850674,-0.791739766290389,-0.1537749557275367,-0.5212083025170403,-1.035873558532142,-0.9628953295771778,-0.767782779258477,-0.940690356215286,-0.7774775565641673,-0.7151273182463196,-0.6666286507685186,-0.6071678514095219,-0.503488560780301,-0.8369213437962404,-0.651647364140738,-0.7558924719535888,-0.7167467616386113,-0.7882651913948575,-0.8960418579196462
-0.5424199906124407,-0.8380700188027056,-0.791739668655268,-0.1537954219249868,-0.5212088997145973,-1.0359911740913712,-0.9625702304517194,-0.7677877170902458,-0.9395709714444984,-0.7774603716221112,-0.7153776385302805,-0.6666336981647658,-0.6065688863119065,-0.5022943743932676,-0.8368625996717188,-0.5745957844797519,-0.755896528195926,-0.7167167889813889,-0.7882739178930633,-0.8960646242848147
-0.5424845249559331,-0.8381391730420555,-0.7917395992475206,-0.1538066643124581,-0.5212094694734966,-1.0363779871925038,-0.9621567151611524,-0.7677931942572631,-0.9388159981075136,-0.777299255409131,-0.7155623208243289,-0.6666393500432349,-0.6059765899615887,-0.5022432341862519,-0.8368087409525085,-0.5862004393472258,-0.7559244047716289,-0.7167547104028389,-0.7882802859298972,-0.8960893617127585
-0.5425523855636631,-0.8382737059350781,-0.791739555973195,-0.1538089069378214,-0.5212100162034952,-1.036395581550613,-0.9617179338010372,-0.7677976421898272,-0.9380935530889613,-0.7772456812734703,-0.7159449385989213,-0.6666400357582546,-0.6053470173555447,-0.5022735411489644,-0.8367635168505583,-0.6398910175159603,-0.7559624739461814,-0.7166992572066437,-0.7882866004594767,-0.40449917950328806
-0.5426192665186889,-0.8352727434908436,-0.7917395368215605,-0.1538211781872582,-0.5212105384652774,-1.0361930440223792,-0.9613276589675376,-0.7678018230888767,-0.937360145987942,-0.7773730217346287,-0.7161275517952619,-0.6666373468500131,-0.6048191308611671,-0.5016091096905082,-0.8366956576160224,-0.6542462619916892,-0.7560231303166625,-0.7167429263449587,-0.7882930659075555,-0.4033070517367935
-0.5426830411929747,-0.8381457088250155,-0.7917395397912134,-0.1538381403120267,-0.5212110339953853,-1.0363297269602092,-0.9609021102373404,-0.7678053497673634,-0.9365689683894572,-0.7774434194693132,-0.7163157272732957,-0.6666300864686917,-0.6044439122153008,-0.5003743042146744,-0.8366213738064052,-0.5963595008781547,-0.7560780696151002,-0.7167529954604814,-0.7882994932822778,-0.4074669748661429
-0.5427448187880402,-0.8381192066668509,-0.7917395630543825,-0.1538491132795409,-0.5212115031141973,-1.0366811232784108,-0.9604532619085792,-0.7678085243025928,-0.9357514705656446,-0.7773014751637739,-0.7162846619080085,-0.6666248274037144,-0.6040881510556089,-0.5000185588223813,-0.8365365370781841,-0.5841172774033516,-0.7561058041334033,-0.7166842432384459,-0.7883042151962821,-0.4017835807034803
-0.5428099234087916,-0.8382100136539833,-0.7917396026172856,-0.1538608632816468,-0.5212119461758238,-1.0367742336861725,-0.9926876946894496,-0.767810156881034,-0.9450394328600148,-0.7771547536412587,-0.7165720493529445,-0.6666149193729743,-0.6037057415456509,-0.500297722331948,-0.8364575042220954,-0.6241583744750192,-0.7561524868737621,-0.7167222089103309,-0.7883095873878033,-0.8377911051666432
-0.5428707899433984,-0.8383526721167385,-0.7917396571747574,-0.1538704116014874,-0.5212123635640451,-1.0365939357404383,-0.9988730219181556,-0.7678115597439257,-0.9445447025425676,-0.7772177647014746,-0.7167719522270823,-0.6666023296329758,-0.6034840904561785,-0.5000839662646006,-0.8363836928879185,-0.6569784640835821,-0.7562180779468022,-0.7166698267703318,-0.7883144212847812,-0.4058800097375059
-0.542936571847114,-0.8384788825851089,-0.7917397258166095,-0.1538893147507721,-0.5212140098354661,-1.0366818710851786,-1.0012456838272092,-0.7678114796356839,-0.9440224589111814,-0.7773160030773942,-0.7169398218782497,-0.6665900414093355,-0.6034331321538102,-0.4989146922650181,-0.8364852766377602,-0.5969622962800976,-0.7561817939808988,-0.7166682870441405,-0.7883203945158759,-0.8960662689580697
-0.5430068777286002,-0.8385702677719191,-0.7917396901540166,-0.1538979607071004,-0.5212139927941302,-1.0369889516319353,-0.9899319459257226,-0.7678106673291102,-0.9434598264802092,-0.7770353097044872,-0.7171626029023038,-0.6665734915053377,-0.6033823975773485,-0.4984738457011078,-0.8364177470937616,-0.5963076551087347,-0.7562684845303946,-0.7166332903062937,-0.7883253536436406,-0.8960399144424697
-0.5430739834401992,-0.8386689574344265,-0.7917397732602641,-0.1539045837065049,-0.5212142944040059,-1.0370621305628922,-1.0013545773380006,-0.7678085009261676,-0.9428918140140364,-0.7768090041808826,-0.717311710199682,-0.6665570394623839,-0.6033497167783598,-0.4987228015819879,-0.8363457818043447,-0.6302532144969597,-0.756441876324029,-0.7166446971830378,-0.7883299105732554,-0.8960211468942235
-0.5431375181275243,-0.8388067495890429,-0.7917398670300677,-0.1539208856784127,-0.5212145574948434,-1.0369416788933703,-0.9984635496688204,-0.7678043914099957,-0.942337818393763,-0.776823187890755,-0.7172777083108495,-0.6665380970233784,-0.6034962200569438,-0.4982865998914814,-0.8362807056514947,-0.6447183804558602,-0.7565239921291251,-0.7166502672948221,-0.788333377561262,-0.896002109867155
-0.5432049875300301,-0.8361184420397297,-0.7917399702114996,-0.153928608861739,-0.5212147880777989,-1.0370569596450605,-0.9985415667409482,-0.7678016841742076,-0.9417697329038884,-0.7768992312320548,-0.7174086930906192,-0.6665181180126766,-0.6037886654423457,-0.4972274323622024,-0.8362188319773309,-0.616285477367942,-0.7566264061746744,-0.716657240762421,-0.7883372688054495,-0.8959831327453884
-0.5432726854978881,-0.8390620124625668,-0.7917400816636369,-0.153947315123216,-0.5212149953615042,-1.037337951732907,-1.0012898774955097,-0.7677966463150498,-0.9411605852835568,-0.7767588827357079,-0.7175576514037704,-0.6664957970443207,-0.6040855918494776,-0.4968580708585096,-0.8361464235638261,-0.6074757378484313,-0.7567392715124601,-0.7166170812610659,-0.7883407631902164,-0.8959772653520724
-0.5433387307967114,-0.8391640324238943,-0.7917402004521986,-0.1539537758903669,-0.5212151805123743,-1.0373935869253543,-1.0014804611034904,-0.7677911389351,-0.9405322169345468,-0.776521745818745,-0.717689885260933,-0.6664766935622699,-0.6044309689934941,-0.4970026522068475,-0.8299343591112465,-0.630517494380432,-0.7568345377878315,-0.7166085078140834,-0.7883436001903286,-0.8959695733741595
-0.5434044300927254,-0.8392675167564189,-0.7917403287213013,-0.1539606889915102,-0.5212153440576813,-1.0373162957579911,-0.9718205894744626,-0.7677838373270715,-0.939914510652032,-0.7764670023806435,-0.7177967451751037,-0.6664551669086503,-0.6050450133611152,-0.4964534432125186,-0.8196391332479177,-0.6362969398235558,-0.7569347959957022,-0.7166079327327628,-0.7883462016386015,-0.8959584820625913
-0.5434723772697156,-0.8364637859355689,-0.7917408802707796,-0.1539744391349804,-0.5212154865331813,-1.0374688020909972,-0.9701991477602568,-0.7677759586368031,-0.9392956965313624,-0.7764880744964228,-0.7179130074490054,-0.6664343905448995,-0.6061485543274341,-0.4955060423514649,-0.8039673668084963,-0.6271381830409509,-0.757040705597808,-0.7165914870245672,-0.788350234043729,-0.8959511020940972
-0.5435390096654028,-0.8394985702783824,-0.7917408493066576,-0.1539835022662479,-0.5212156084818991,-1.0376397828073256,-0.967332213976189,-0.7677669569694047,-0.9386424270701164,-0.7763264661762574,-0.7180570311312394,-0.6664129797340574,-0.606810527011595,-0.4956318442256783,-0.7553466536641029,-0.6194231533290903,-0.757135422229364,-0.7165539877910664,-0.788352917634292,-0.8959480827434533
-0.5436024359038731,-0.8396013065530855,-0.7917408195364067,-0.1539990207494945,-0.5212157104516492,-1.0375854434894498,-0.9460540838244066,-0.7677569890804011,-0.9379565712314722,-0.7760804387347389,-0.7181238157579728,-0.6663902283380628,-0.6075318996586816,-0.4950210188226893,-0.751329821814416,-0.6347191197112741,-0.757231354339375,-0.716599391360354,-0.7883553244419208,-0.8959474142236022
-0.5436669866705908,-0.8395741821844742,-0.7917408059487335,-0.1540117940017354,-0.5212157929987737,-1.037155629258398,-0.94809785478827,-0.7677477445492957,-0.937269333184109,-0.7759787794233216,-0.7182562616628327,-0.6663723847178054,-0.6083979422868133,-0.4942930377011371,-0.7413736717050803,-0.6372453570917609,-0.7573335612612826,-0.7165981961509404,-0.7883574248725893,-0.8959469894231391
-0.5437347635903864,-0.8368124155449795,-0.7917407930722826,-0.1540139293998213,-0.5212158570321457,-1.037475165552425,-0.9658062089506302,-0.7677366475494114,-0.9365858203266768,-0.7759141344230865,-0.7184020116542019,-0.6663531462931704,-0.6093056563842447,-0.4935143153860986,-0.5129763785497666,-0.6331159222280867,-0.7574013916883924,-0.7166400470742263,-0.7883592644917983,-0.8959467114160337
-0.5438012650877846,-0.8369363648032773,-0.7917407659082423,-0.1540232873123361,-0.5212158953882973,-1.0378865441383918,-0.9643644169776838,-0.7677234425207164,-0.935878864918911,-0.7756987282161587,-0.7185762574265071,-0.6663318750730717,-0.6107709142386121,-0.493447652980851,-0.7569995034291788,-0.6327064110638017,-0.7574519573871175,-0.7165939550301592,-0.788360858683059,-0.8959464195200777
-0.5438639619551947,-0.8398546876962503,-0.7917407104562424,-0.1540388076149838,-0.5212159136284583,-1.038661777361867,-0.9477904564751184,-0.7677114572392874,-0.9355770615997904,-0.7754558433176278,-0.7188699433840053,-0.666313803525459,-0.6118451096115881,-0.4932030332426952,-0.7563790599352868,-0.6391658862467728,-0.7575044414307615,-0.716579140177884,-0.7883625605820014,-0.8959463363732907
-0.5439265610660557,-0.8400687901690611,-0.7917406550782918,-0.1540497738556439,-0.5212159146949481,-1.0387689619625928,-0.9629102820316918,-0.7676990707811189,-0.9348566845535066,-0.7753206499864077,-0.7190421515913694,-0.6662963416598122,-0.6130003822969649,-0.4923573712786029,-0.763250358271365,-0.6407000493215592,-0.7575544863347019,-0.7166328274135748,-0.7883630643854371,-0.8959464851653548
-0.5439911855585189,-0.8371632576046284,-0.7917405996895217,-0.1540589745261944,-0.5212158991449363,-1.0393030979853124,-1.0000533230734867,-0.7676865475763892,-0.9341401198218592,-0.7751464322585937,-0.7191752163698446,-0.6662814732604538,-0.6141795003762887,-0.4918615182288327,-0.7667852544770792,-0.6375118747389024,-0.7576260579283114,-0.7165782169243098,-0.7883635124446975,-0.895946783604878
-0.5440554074572805,-0.8372708655110188,-0.791740544248637,-0.1540695142994121,-0.5212158675329409,-1.03779258957846,-0.9990765394455232,-0.7676734960876705,-0.9334029192817344,-0.7748546272526208,-0.7193152726223875,-0.666268201108759,-0.6155631154037273,-0.4918010278392523,-0.7570915756948757,-0.6404330318682181,-0.7581258177061972,-0.7166132981684507,-0.7883638881931121,-0.8959470367450806
-0.5441178488131847,-0.8400650709458082,-0.7917404886816068,-0.154080306793322,-0.521215820408315,-1.0378812739885777,-1.0009743052218971,-0.7676588469293256,-0.932332567874564,-0.7746241781447295,-0.7194570628080817,-0.6662544597717684,-0.614389872463666,-0.4912458824784701,-0.8020041131713255,-0.6444473715561115,-0.7577391942714786,-0.7181171197334059,-0.7883641835002937,-0.8959475327510246
-0.5441794270000484,-0.8374768445572623,-0.7917404329575145,-0.1540915221579317,-0.5212157583183961,-1.0379128896543055,-0.9916324095083772,-0.7676449296246339,-0.9315206411247392,-0.7744621497784314,-0.7195893147792118,-0.6662426306388467,-0.6183957119483107,-0.4904678794227822,-0.7652023369792865,-0.6438814554232614,-0.7625191918567602,-0.7203077312970844,-0.7883652184197586,-0.8959484257136989
-0.5442400658410192,-0.8375113844765627,-0.7917410682128468,-0.1541031358525029,-0.5212156818025007,-1.038285270052015,-1.001092470996149,-0.7676305145184701,-0.930710183316417,-0.7741584722844889,-0.7197163615703543,-0.6662324369143178,-0.6196260186660263,-0.4902418120629432,-0.774630386893482,-0.6423343785628282,-0.7630336072099755,-0.7203015478241291,-0.788365554693459,-0.8959509938895268
-0.5443006674275505,-0.8376069677382588,-0.7917412526527239,-0.1541108617995318,-0.5212155913966567,-1.0391526612369943,-0.9978986473236932,-0.7676158489020877,-0.9298856173891784,-0.7738256649084319,-0.7198492551434598,-0.6662229893139999,-0.61903420511059,-0.4899794258590628,-0.7670645679513537,-0.6443461083142699,-0.7577626742750109,-0.7202907706962607,-0.7883657105667534,-0.8959565493002876
-0.5443620408893526,-0.8377349988584128,-0.7917414384099908,-0.1541165827756781,-0.5212154876303119,-1.0395333440690913,-0.957355215898078,-0.767601450408397,-0.9290291123003668,-0.773568868413113,-0.7199832784286272,-0.6662151654781746,-0.6233784214534444,-0.4892497346033719,-0.7882247448617663,-0.6483970774001816,-0.763430768297374,-0.7202932870274246,-0.7883656983926006,-0.8959649103358464
-0.5444220622642596,-0.8378178161300445,-0.7917416207195889,-0.1541344213506072,-0.5212153734823921,-1.0390277556094745,-0.94662249550863,-0.767586600934255,-0.9281574002516522,-0.7733564757914785,-0.720115298509799,-0.6662109520294421,-0.6260039477289762,-0.488361002852735,-0.7669064414186185,-0.6477068562650168,-0.7559997025024529,-0.7203010579150808,-0.7883655306887791,-0.895973373823775
-0.544478791535133,-0.8378548055520861,-0.7917417991878797,-0.1541441147931275,-0.5212152487340853,-1.0378066983723353,-0.9566187704312932,-0.7675725625946326,-0.9272880047025508,-0.7730396255359009,-0.7202162767387056,-0.6662046576142195,-0.6261919730385925,-0.48834709447504,-0.7734543257310753,-0.6471149748362164,-0.7633079344038303,-0.7202610708985793,-0.788364611008211,-0.8959776631801757
-0.5445354149905457,-0.8379469626067776,-0.7917419828484134,-0.1541465798529244,-0.5212151121516514,-1.039364057806997,-0.9624308009845158,-0.7675584192294194,-0.9264078198937984,-0.7738173042354078,-0.7203605363623417,-0.6662008762007334,-0.6305242217022996,-0.4875415159292459,-0.7713825846779407,-0.6472097443260793,-0.7627507655795196,-0.7202299159942543,-0.7883645087538802,-0.8959826621128997
-0.5445943443665084,-0.8380691588750804,-0.7917421696685125,-0.1541548313404385,-0.5212149642295117,-1.037214149901574,-1.009433379267989,-0.7675451648508649,-0.925496726729902,-0.7730877551904377,-0.720503551460075,-0.6661979376481411,-0.6328180916947151,-0.4868346845834203,-0.7637719459105011,-0.650326186274147,-0.7510926767531003,-0.7202024024061215,-0.7883643537390925,-0.8959959400005916
-0.5446515648591889,-0.8381481533358499,-0.791742351575681,-0.1541659920387082,-0.5212148054556562,-1.041011255247395,-1.0042972181027496,-0.7675311354574283,-0.9245667690112278,-0.7727319051996132,-0.7206433169860722,-0.6661955562371438,-0.6350403245627964,-0.4865777040142917,-0.5160348262418671,-0.6508270512893886,-0.7506277077453536,-0.7201777591480536,-0.7883641611819171,-0.8960134041816092
-0.5447049814810202,-0.8381919334486948,-0.7917428773219441,-0.1541816008184071,-0.5212146363049556,-1.033466558900915,-1.002567368937744,-0.7675169414450116,-0.9236418259791565,-0.7723696365125079,-0.7209162636381785,-0.6661957095250008,-0.636519680622113,-0.4861407858363337,-0.7654734973092745,-0.6492151784167814,-0.7495543807023595,-0.7201511149506957,-0.7883639516512799,-0.8960229431879151
-0.5447583953636921,-0.8382863328119031,-0.791743052403474,-0.1541800333293113,-0.5212135153192019,-0.4122427681242472,-1.000715226568207,-0.7675040960539838,-0.9227082816562951,-0.7719743017296634,-0.721098536714323,-0.6661962868557978,-0.6398640350740263,-0.4853853192957197,-0.7723453945700578,-0.6500777822915682,-0.7490184268363398,-0.7201147129686432,-0.7883637230511795,-0.8960378466314645
-0.544813215503299,-0.8383976656941761,-0.7917432206768102,-0.1541882084097648,-0.5212134934177655,-1.0481892216192985,-1.009553026378255,-0.767490646811271,-0.921746000741676,-0.7716697511741738,-0.7194338582937976,-0.6661973734489868,-0.6410801983762324,-0.4849516688567433,-0.8121613438242349,-0.6518682929306118,-0.7488400843370775,-0.7200803813391365,-0.7883629182106822,-0.8960589555665163
-0.5448661147568535,-0.8384689920021984,-0.791743374988165,-0.1541980142278767,-0.5212134624578347,-1.0479187670845709,-0.9784263028150536,-0.7674785494178662,-0.9207632584663163,-0.771288432979411,-0.7231473976010114,-0.6662005131166959,-0.6441493783241041,-0.4846592510142497,-0.7814006534060061,-0.6638304320132116,-0.748477023804937,-0.7200654431102176,-0.788362152171094,-0.8960793767124231
